2024-01-01T10:00:00.368Z,378.41499999999996,1327,1705.415
2024-01-01T10:00:02.370Z,465.71229729729725,1225,1690.7122972972973
2024-01-01T10:00:05.876Z,529.5188107752956,1165,1694.5188107752956
2024-01-01T10:00:08.882Z,505.51526840490794,1204,1709.515268404908
2024-01-01T10:00:11.890Z,343.1502521607787,1390,1733.1502521607786
2024-01-01T10:00:14.894Z,78.60476416191574,1672,1750.6047641619157
2024-01-01T10:00:18.401Z,-305.90319859770796,2077,1771.096801402292
2024-01-01T10:00:21.408Z,-514.0323043147105,2255,1740.9676956852895
2024-01-01T10:00:24.419Z,-562.3340728962365,2276,1713.6659271037634
2024-01-01T10:00:27.428Z,-493.36613096272185,2187,1693.6338690372781
2024-01-01T10:00:29.935Z,-387.64442362285143,2075,1687.3555763771485
2024-01-01T10:00:32.939Z,-258.62427288603,1942,1683.37572711397
2024-01-01T10:00:35.944Z,-197.9494902331239,1893,1695.050509766876
2024-01-01T10:00:38.948Z,-201.90868823958243,1908,1706.0913117604175
2024-01-01T10:00:41.954Z,-273.3767906426767,1991,1717.6232093573233
2024-01-01T10:00:44.962Z,-318.82202687539143,2032,1713.1779731246086
2024-01-01T10:00:47.967Z,-322.89009158631404,2029,1706.1099084136858
2024-01-01T10:00:51.480Z,-259.42596676008037,1954,1694.5740332399196
2024-01-01T10:00:54.483Z,-158.77776534553203,1847,1688.222234654468
2024-01-01T10:00:57.491Z,-38.18474684368283,1723,1684.815253156317
2024-01-01T10:01:00.496Z,-20.590462560247623,1723,1702.4095374397523
2024-01-01T10:01:03.253Z,-81.227036580527,1797,1715.772963419473
2024-01-01T10:01:06.259Z,-219.0431904071436,1948,1728.9568095928564
2024-01-01T10:01:09.268Z,-309.18665750195214,2030,1720.8133424980479
2024-01-01T10:01:12.273Z,-323.1925140727706,2031,1707.8074859272294
2024-01-01T10:01:13.777Z,-323.5277370749426,2029,1705.4722629250573
2024-01-01T10:01:17.782Z,-370.55225359556005,2084,1713.4477464044398
2024-01-01T10:01:20.792Z,-520.0480664576746,2251,1730.9519335423254
2024-01-01T10:01:23.799Z,-653.7465691868709,2382,1728.253430813129
2024-01-01T10:01:25.305Z,-731.3318515554005,2450,1718.6681484445994
2024-01-01T10:01:29.816Z,-740.0890858021828,2447,1706.9109141978172
2024-01-01T10:01:32.824Z,-691.8288350173976,2389,1697.1711649826025
2024-01-01T10:01:35.828Z,-645.4990688721149,2343,1697.500931127885
2024-01-01T10:01:38.833Z,-574.6819996186798,2268,1693.3180003813202
2024-01-01T10:01:41.845Z,-535.3104616061545,2234,1698.6895383938454
2024-01-01T10:01:44.850Z,-465.50858415567484,2159,1693.4914158443253
2024-01-01T10:01:47.859Z,-427.13926259732983,2126,1698.86073740267
2024-01-01T10:01:51.365Z,-441.1855992493764,2149,1707.8144007506235
2024-01-01T10:01:54.375Z,-502.16796781953326,2218,1715.8320321804667
2024-01-01T10:01:57.381Z,-513.6274813861053,2221,1707.3725186138947
2024-01-01T10:02:00.395Z,-422.20228756198753,2112,1689.7977124380125
2024-01-01T10:02:01.394Z,-377.2617587965689,2075,1697.738241203431
2024-01-01T10:02:05.905Z,-351.91478075650184,2053,1701.0852192434982
2024-01-01T10:02:08.913Z,-431.9186991914127,2151,1719.0813008085872
2024-01-01T10:02:11.923Z,-491.42082369336913,2207,1715.5791763066309
2024-01-01T10:02:14.934Z,-503.51847452716976,2211,1707.4815254728303
2024-01-01T10:02:17.940Z,-481.368642941828,2183,1701.631357058172
2024-01-01T10:02:20.951Z,-498.6354732556184,2207,1708.3645267443817
2024-01-01T10:02:23.958Z,-614.7502313587088,2340,1725.2497686412912
2024-01-01T10:02:26.466Z,-794.824621809033,2531,1736.175378190967
2024-01-01T10:02:30.476Z,-925.2975611869833,2653,1727.7024388130167
2024-01-01T10:02:33.482Z,-967.394059588592,2680,1712.605940411408
2024-01-01T10:02:35.987Z,-973.53585593316,2680,1706.4641440668402
2024-01-01T10:02:38.991Z,-963.3286063822814,2667,1703.6713936177186
2024-01-01T10:02:41.996Z,-941.340941552817,2643,1701.659058447183
2024-01-01T10:02:45.000Z,-910.8017215674472,2611,1700.1982784325528
2024-01-01T10:02:46.502Z,-884.1394582968217,2585,1700.8605417031783
2024-01-01T10:02:51.021Z,-869.1461609490582,2572,1702.8538390509418
2024-01-01T10:02:54.026Z,-887.4571155365782,2596,1708.5428844634218
2024-01-01T10:02:57.033Z,-935.3960520182219,2649,1713.6039479817782
2024-01-01T10:02:59.538Z,-959.4722879159686,2669,1709.5277120840315
2024-01-01T10:03:03.044Z,-974.9423909210543,2683,1708.0576090789457
2024-01-01T10:03:06.050Z,-979.7617544301602,2686,1706.2382455698398
2024-01-01T10:03:09.056Z,-979.6107881238171,2685,1705.3892118761828
2024-01-01T10:03:11.061Z,-977.02645653781,2682,1704.97354346219
2024-01-01T10:03:15.068Z,-968.1083879783558,2672,1703.891612021644
2024-01-01T10:03:18.071Z,-956.5580357156848,2660,1703.4419642843152
2024-01-01T10:03:21.081Z,-951.4564541664389,2656,1704.543545833561
2024-01-01T10:03:23.076Z,-949.0039395168876,2654,1704.9960604831124
2024-01-01T10:03:27.094Z,-946.0838165530251,2651,1704.9161834469749
2024-01-01T10:03:30.097Z,-948.2200822530376,2654,1705.7799177469624
2024-01-01T10:03:33.101Z,-950.239963150737,2656,1705.760036849263
2024-01-01T10:03:35.103Z,-951.3887617683708,2657,1705.6112382316292
2024-01-01T10:03:39.111Z,-965.2220006878537,2673,1707.7779993121462
2024-01-01T10:03:42.116Z,-985.1763843378479,2694,1708.823615662152
2024-01-01T10:03:45.119Z,-1000.0451172045771,2708,1707.954882795423
2024-01-01T10:03:47.623Z,-1008.1931498579394,2715,1706.8068501420607
2024-01-01T10:03:51.133Z,-1013.6524416322467,2720,1706.3475583677532
2024-01-01T10:03:54.140Z,-1022.9899612302843,2730,1707.0100387697157
2024-01-01T10:03:57.150Z,-1034.6015105747392,2742,1707.3984894252608
2024-01-01T10:04:00.155Z,-1047.398938354136,2755,1707.601061645864
2024-01-01T10:04:03.159Z,-1058.661179532958,2766,1707.338820467042
2024-01-01T10:04:06.163Z,-1065.428930174068,2772,1706.571069825932
2024-01-01T10:04:09.167Z,-1071.5409434830167,2778,1706.4590565169833
2024-01-01T10:04:12.174Z,-1074.1408781395473,2780,1705.8591218604527
2024-01-01T10:04:15.186Z,-1072.8119995613151,2778,1705.1880004386849
2024-01-01T10:04:18.184Z,-1070.055812890909,2775,1704.944187109091
2024-01-01T10:04:21.192Z,-1065.3831808437994,2770,1704.6168191562006
2024-01-01T10:04:24.195Z,-1065.5555549819371,2771,1705.4444450180629
2024-01-01T10:04:27.212Z,-1066.4348059960107,2772,1705.5651940039893
2024-01-01T10:04:30.209Z,-1064.8548830576376,2770,1705.1451169423624
2024-01-01T10:04:33.215Z,-1056.9374577112046,2761,1704.0625422887954
2024-01-01T10:04:36.225Z,-1044.6789953595494,2748,1703.3210046404506
2024-01-01T10:04:38.980Z,-1034.3494901431436,2738,1703.6505098568564
2024-01-01T10:04:41.990Z,-1020.0309061487112,2723,1702.9690938512888
2024-01-01T10:04:44.994Z,-1000.8598135728411,2703,1702.1401864271588
2024-01-01T10:04:48.249Z,-977.5643416711839,2679,1701.435658328816
2024-01-01T10:04:51.252Z,-969.0409663279484,2673,1703.9590336720516
2024-01-01T10:04:54.259Z,-970.3597285232034,2676,1705.6402714767964
2024-01-01T10:04:57.263Z,-984.2177647944703,2692,1707.7822352055296
2024-01-01T10:05:00.273Z,-1001.613460430583,2710,1708.386539569417
2024-01-01T10:05:03.282Z,-1003.2973562533612,2709,1705.7026437466388
2024-01-01T10:05:05.788Z,-1000.1266254779462,2705,1704.8733745220538
2024-01-01T10:05:09.046Z,-1003.0804299572602,2709,1705.91957004274
2024-01-01T10:05:11.814Z,-1012.0524038853719,2719,1706.9475961146281
2024-01-01T10:05:15.077Z,-1020.1942129703399,2727,1706.8057870296602
2024-01-01T10:05:18.098Z,-1024.7984947720058,2731,1706.2015052279942
2024-01-01T10:05:21.110Z,-1038.2817799274467,2746,1707.7182200725533
2024-01-01T10:05:24.115Z,-1064.1638197751115,2774,1709.8361802248885
2024-01-01T10:05:26.870Z,-1088.4384056883255,2798,1709.5615943116745
2024-01-01T10:05:29.882Z,-1128.7064045919028,2841,1712.2935954080972
2024-01-01T10:05:32.887Z,-1168.7455051049822,2881,1712.2544948950178
2024-01-01T10:05:35.892Z,-1191.6691704679654,2901,1709.3308295320346
2024-01-01T10:05:38.900Z,-1210.387523563269,2919,1708.612476436731
2024-01-01T10:05:41.904Z,-1230.2005337999117,2939,1708.7994662000883
2024-01-01T10:05:44.908Z,-1253.5896602261053,2963,1709.4103397738947
2024-01-01T10:05:47.912Z,-1268.1054133440703,2976,1707.8945866559297
2024-01-01T10:05:50.415Z,-1272.7855390811353,2979,1706.2144609188647
2024-01-01T10:05:53.920Z,-1264.073238595131,2968,1703.926761404869
2024-01-01T10:05:56.923Z,-1246.574193726037,2949,1702.425806273963
2024-01-01T10:05:59.926Z,-1235.4800978246308,2939,1703.5199021753692
2024-01-01T10:06:02.430Z,-1226.174573350131,2930,1703.825426649869
2024-01-01T10:06:05.937Z,-1205.1725704025432,2907,1701.8274295974568
2024-01-01T10:06:08.945Z,-1185.880482108928,2888,1702.119517891072
2024-01-01T10:06:11.949Z,-1169.400172899957,2872,1702.599827100043
2024-01-01T10:06:13.451Z,-1155.0383006632753,2858,1702.9616993367247
2024-01-01T10:06:17.965Z,-1129.8821786542287,2831,1701.1178213457713
2024-01-01T10:06:20.973Z,-1114.2545223888303,2817,1702.7454776111697
2024-01-01T10:06:23.978Z,-1100.871152506337,2804,1703.128847493663
2024-01-01T10:06:25.481Z,-1086.1070156617827,2789,1702.8929843382173
2024-01-01T10:06:29.990Z,-1054.0593883074027,2754,1699.9406116925973
2024-01-01T10:06:32.998Z,-1022.9065415362955,2723,1700.0934584637043
2024-01-01T10:06:36.000Z,-959.428366775438,2654,1694.571633224562
2024-01-01T10:06:37.503Z,-923.6898649380297,2623,1699.3101350619704
2024-01-01T10:06:42.010Z,-834.7736950983008,2525,1690.2263049016992
2024-01-01T10:06:45.015Z,-769.7007808088445,2464,1694.2992191911555
2024-01-01T10:06:48.020Z,-685.0457975336377,2376,1690.9542024663624
2024-01-01T10:06:50.023Z,-622.3027859178878,2317,1694.6972140821122
2024-01-01T10:06:54.030Z,-469.6595735616297,2149,1679.3404264383703
2024-01-01T10:06:57.035Z,-364.5413382873004,2052,1687.4586617126997
2024-01-01T10:06:59.539Z,-321.87353152948276,2020,1698.1264684705172
2024-01-01T10:07:03.045Z,-309.66966865533095,2013,1703.330331344669
2024-01-01T10:07:06.051Z,-308.7432510240834,2014,1705.2567489759167
2024-01-01T10:07:09.057Z,-323.9819239057471,2032,1708.0180760942528
2024-01-01T10:07:12.061Z,-356.098785134885,2067,1710.901214865115
2024-01-01T10:07:15.567Z,-407.76018018218065,2122,1714.2398198178194
2024-01-01T10:07:18.572Z,-454.58616658786485,2168,1713.413833412135
2024-01-01T10:07:21.575Z,-497.2902685153599,2210,1712.70973148464
2024-01-01T10:07:24.579Z,-523.1650582433973,2233,1709.8349417566028
2024-01-01T10:07:27.087Z,-536.3352608171673,2244,1707.6647391828328
2024-01-01T10:07:30.099Z,-536.5485635442743,2242,1705.4514364557258
2024-01-01T10:07:33.110Z,-551.9535193852471,2260,1708.046480614753
2024-01-01T10:07:36.125Z,-560.1797859162033,2267,1706.8202140837966
2024-01-01T10:07:39.126Z,-513.5502719181935,2211,1697.4497280818064
2024-01-01T10:07:42.133Z,-444.3976739749241,2138,1693.6023260250759
2024-01-01T10:07:45.139Z,-457.36919899501646,2165,1707.6308010049836
2024-01-01T10:07:48.153Z,-621.541092577631,2355,1733.458907422369
2024-01-01T10:07:51.650Z,-863.2894504420701,2610,1746.7105495579299
2024-01-01T10:07:54.654Z,-1027.5294574205618,2761,1733.4705425794382
2024-01-01T10:07:56.156Z,-1085.6558301518492,2801,1715.3441698481508
2024-01-01T10:08:00.662Z,-1047.1607454986492,2746,1698.8392545013508
2024-01-01T10:08:03.667Z,-1026.170552946201,2728,1701.829447053799
2024-01-01T10:08:06.672Z,-1070.083733268491,2783,1712.916266731509
2024-01-01T10:08:08.174Z,-1120.9038821782199,2835,1714.0961178217801
2024-01-01T10:08:12.192Z,-1209.4581287727676,2930,1720.5418712272324
2024-01-01T10:08:15.205Z,-1268.4995254086357,2984,1715.5004745913643
2024-01-01T10:08:18.214Z,-1307.8612198726698,3020,1712.1387801273302
2024-01-01T10:08:21.721Z,-1328.1237471262978,3037,1708.8762528737022
2024-01-01T10:08:24.726Z,-1318.2684805176689,3022,1703.7315194823311
2024-01-01T10:08:27.730Z,-1281.8124358811478,2981,1699.1875641188522
2024-01-01T10:08:30.735Z,-1184.2505582953997,2873,1688.7494417046003
2024-01-01T10:08:33.238Z,-961.6155924217271,2629,1667.3844075782729
2024-01-01T10:08:36.242Z,-624.2191867055523,2272,1647.7808132944479
2024-01-01T10:08:39.246Z,-266.66290470100256,1911,1644.3370952989974
2024-01-01T10:08:42.250Z,-28.301917559034194,1693,1664.698082440966
2024-01-01T10:08:45.253Z,62.845211560242376,1627,1689.8452115602424
2024-01-01T10:08:48.257Z,100.9123555019718,1598,1698.912355501972
2024-01-01T10:08:51.261Z,122.69421431230435,1579,1701.6942143123044
2024-01-01T10:08:54.264Z,121.60163485291044,1584,1705.6016348529104
2024-01-01T10:08:57.267Z,112.90120999557203,1594,1706.9012099955721
2024-01-01T10:08:59.771Z,103.94491741984683,1603,1706.944917419847
2024-01-01T10:09:02.774Z,67.62003132711891,1644,1711.6200313271188
2024-01-01T10:09:05.779Z,-26.50630261998147,1748,1721.4936973800186
2024-01-01T10:09:08.784Z,-234.1202960056674,1975,1740.8797039943327
2024-01-01T10:09:12.790Z,-663.2763876582926,2442,1778.7236123417074
2024-01-01T10:09:15.799Z,-1020.554595958522,2787,1766.445404041478
2024-01-01T10:09:18.804Z,-1216.169914381308,2955,1738.830085618692
2024-01-01T10:09:21.807Z,-1289.9772089218677,3008,1718.0227910781323
2024-01-01T10:09:24.817Z,-1300.7455480717658,3008,1707.2544519282342
2024-01-01T10:09:27.822Z,-1294.6297098842454,2999,1704.3702901157546
2024-01-01T10:09:30.828Z,-1281.7799935904554,2985,1703.2200064095446
2024-01-01T10:09:33.832Z,-1257.6985941264502,2959,1701.3014058735498
2024-01-01T10:09:35.333Z,-1240.519533834701,2943,1702.480466165299
2024-01-01T10:09:39.346Z,-1144.0619264289915,2833,1688.9380735710085
2024-01-01T10:09:42.355Z,-898.5273183145739,2562,1663.472681685426
2024-01-01T10:09:45.359Z,-592.8080804381259,2246,1653.191919561874
2024-01-01T10:09:47.863Z,-312.4721020673942,1970,1657.5278979326058
2024-01-01T10:09:50.867Z,-70.00356999870795,1734,1663.996430001292
2024-01-01T10:09:53.874Z,60.17743033015367,1623,1683.1774303301536
2024-01-01T10:09:56.878Z,92.8362137697787,1607,1699.8362137697786
2024-01-01T10:10:00.382Z,38.66803038706911,1676,1714.6680303870692
2024-01-01T10:10:03.387Z,-76.85184880775499,1802,1725.148151192245
2024-01-01T10:10:06.392Z,-177.4079647338229,1900,1722.5920352661772
2024-01-01T10:10:09.396Z,-239.90861443898729,1956,1716.0913855610127
2024-01-01T10:10:10.898Z,-256.71425403533516,1965,1708.2857459646648
2024-01-01T10:10:15.671Z,-232.68900285461856,1934,1701.3109971453814
2024-01-01T10:10:17.680Z,-228.32966398074487,1933,1704.670336019255
2024-01-01T10:10:20.686Z,-269.5446413568299,1982,1712.45535864317
2024-01-01T10:10:24.192Z,-393.42389685952094,2120,1726.576103140479
2024-01-01T10:10:27.198Z,-572.0688063147572,2308,1735.9311936852428
2024-01-01T10:10:30.204Z,-692.9380655974943,2419,1726.0619344025058
2024-01-01T10:10:33.208Z,-670.4298604539675,2372,1701.5701395460324
2024-01-01T10:10:36.215Z,-530.4896429803287,2212,1681.5103570196713
2024-01-01T10:10:39.219Z,-286.2979252509159,1950,1663.7020747490842
2024-01-01T10:10:42.222Z,-163.5524332186147,1848,1684.4475667813854
2024-01-01T10:10:45.225Z,-58.525706721919136,1746,1687.474293278081
2024-01-01T10:10:48.233Z,20.001031667657557,1672,1692.0010316676576
2024-01-01T10:10:51.242Z,52.81047755176432,1647,1699.8104775517643
2024-01-01T10:10:54.245Z,69.55473872218846,1633,1702.5547387221884
2024-01-01T10:10:57.249Z,73.70589743605447,1631,1704.7058974360546
2024-01-01T10:11:00.253Z,65.77052366769617,1641,1706.7705236676961
2024-01-01T10:11:03.257Z,41.55201514907737,1668,1709.5520151490773
2024-01-01T10:11:06.260Z,-46.537512282873145,1767,1720.4624877171268
2024-01-01T10:11:09.264Z,-177.25567247164568,1905,1727.7443275283542
2024-01-01T10:11:12.267Z,-408.99858461481784,2154,1745.001415385182
2024-01-01T10:11:15.273Z,-705.8728254369817,2462,1756.1271745630183
2024-01-01T10:11:18.278Z,-924.2770965252382,2667,1742.7229034747618
2024-01-01T10:11:21.283Z,-980.9108072609266,2696,1715.0891927390735
2024-01-01T10:11:24.287Z,-1101.915013846206,2828,1726.084986153794
2024-01-01T10:11:27.292Z,-1255.371502296215,2987,1731.628497703785
2024-01-01T10:11:30.296Z,-1331.5689261010295,3050,1718.4310738989705
2024-01-01T10:11:33.801Z,-1347.8105922084897,3056,1708.1894077915103
2024-01-01T10:11:37.017Z,-1326.265364303406,3028,1701.734635696594
2024-01-01T10:11:39.808Z,-1294.9365930291121,2995,1700.0634069708879
2024-01-01T10:11:42.812Z,-1198.1227745454134,2887,1688.8772254545866
2024-01-01T10:11:44.314Z,-1028.5512709313393,2705,1676.4487290686607
2024-01-01T10:11:47.819Z,-684.3769865965794,2331,1646.6230134034206
2024-01-01T10:11:50.823Z,-342.9138647535734,1990,1647.0861352464267
2024-01-01T10:11:53.829Z,-65.0498416897687,1723,1657.9501583102312
2024-01-01T10:11:56.332Z,59.19196561766181,1625,1684.1919656176617
2024-01-01T10:11:59.838Z,111.48267966338886,1585,1696.4826796633888
2024-01-01T10:12:02.842Z,142.17254511480195,1558,1700.172545114802
2024-01-01T10:12:05.845Z,165.4403793977179,1536,1701.4403793977178
2024-01-01T10:12:08.348Z,185.0630480279675,1517,1702.0630480279674
2024-01-01T10:12:12.357Z,202.44569022429957,1500,1702.4456902242996
2024-01-01T10:12:15.362Z,209.2522933733781,1495,1704.252293373378
2024-01-01T10:12:18.366Z,214.5158732205958,1490,1704.5158732205957
2024-01-01T10:12:20.372Z,214.42971720454295,1491,1705.429717204543
2024-01-01T10:12:24.377Z,215.27124917745476,1490,1705.2712491774548
2024-01-01T10:12:27.379Z,216.2481290038903,1489,1705.2481290038904
2024-01-01T10:12:30.383Z,214.68244991727823,1491,1705.6824499172783
2024-01-01T10:12:32.635Z,214.45402041705754,1491,1705.4540204170576
2024-01-01T10:12:35.898Z,215.27479496837447,1490,1705.2747949683744
2024-01-01T10:12:38.904Z,215.3945443615639,1490,1705.394544361564
2024-01-01T10:12:41.910Z,216.26611752882272,1489,1705.2661175288226
2024-01-01T10:12:45.414Z,218.95558423894437,1486,1704.9555842389443
2024-01-01T10:12:48.418Z,215.9315642787893,1490,1705.9315642787892
2024-01-01T10:12:51.422Z,206.09524408383444,1501,1707.0952440838344
2024-01-01T10:12:54.427Z,187.57810498305832,1521,1708.5781049830584
2024-01-01T10:12:56.685Z,174.6272672025778,1533,1707.6272672025777
2024-01-01T10:12:59.939Z,156.50982807624237,1552,1708.5098280762425
2024-01-01T10:13:02.948Z,117.14014478238256,1595,1712.1401447823825
2024-01-01T10:13:05.453Z,20.00727501171953,1702,1722.0072750117195
2024-01-01T10:13:08.969Z,-64.2005809328198,1784,1719.7994190671802
2024-01-01T10:13:11.988Z,-89.29787103520316,1799,1709.7021289647969
2024-01-01T10:13:14.999Z,-45.12980620361981,1743,1697.8701937963801
2024-01-01T10:13:16.504Z,-26.72834486263976,1729,1702.2716551373603
2024-01-01T10:13:20.760Z,-10.377976374863373,1713,1702.6220236251365
2024-01-01T10:13:24.014Z,11.651855462339064,1690,1701.651855462339
2024-01-01T10:13:27.018Z,61.841572754969654,1635,1696.8415727549695
2024-01-01T10:13:28.523Z,98.20362067493794,1601,1699.2036206749378
2024-01-01T10:13:33.030Z,135.96464668708407,1563,1698.964646687084
2024-01-01T10:13:36.033Z,160.26414939214376,1541,1701.2641493921437
2024-01-01T10:13:39.038Z,170.64221478791993,1533,1703.64221478792
2024-01-01T10:13:41.560Z,173.86455805579521,1531,1704.8645580557952
2024-01-01T10:13:45.563Z,174.33469160264679,1531,1705.3346916026467
2024-01-01T10:13:48.570Z,180.3819969264803,1524,1704.3819969264803
2024-01-01T10:13:51.576Z,191.51351047771163,1512,1703.5135104777116
2024-01-01T10:13:53.579Z,197.4080862487497,1507,1704.4080862487497
2024-01-01T10:13:57.585Z,207.66321489228292,1496,1703.663214892283
2024-01-01T10:14:00.587Z,221.11684552472656,1482,1703.1168455247266
2024-01-01T10:14:03.594Z,232.47482540954962,1471,1703.4748254095496
2024-01-01T10:14:06.105Z,245.23525790336683,1458,1703.2352579033668
2024-01-01T10:14:08.852Z,253.92979564401588,1450,1703.929795644016
2024-01-01T10:14:12.108Z,260.32292340224257,1444,1704.3229234022426
2024-01-01T10:14:15.115Z,262.9638721041818,1442,1704.9638721041817
2024-01-01T10:14:18.621Z,265.91148722577924,1439,1704.9114872257792
2024-01-01T10:14:21.629Z,267.1956404425227,1438,1705.1956404425227
2024-01-01T10:14:24.640Z,267.3829958718797,1438,1705.3829958718798
2024-01-01T10:14:27.644Z,267.41033066063534,1438,1705.4103306606353
2024-01-01T10:14:30.648Z,268.2684207188174,1437,1705.2684207188174
2024-01-01T10:14:33.653Z,268.39361437108687,1437,1705.3936143710869
2024-01-01T10:14:36.658Z,268.411879878791,1437,1705.411879878791
2024-01-01T10:14:39.661Z,268.4145447804505,1437,1705.4145447804506
2024-01-01T10:14:41.665Z,268.41493358436276,1437,1705.4149335843626
2024-01-01T10:14:45.677Z,268.4149903100891,1437,1705.414990310089
2024-01-01T10:14:48.181Z,268.414998586261,1437,1705.414998586261
2024-01-01T10:14:51.188Z,267.56089782748853,1438,1705.5608978274886
2024-01-01T10:14:53.192Z,266.5821842399093,1439,1705.5821842399093
2024-01-01T10:14:57.702Z,264.7311879193774,1441,1705.7311879193774
2024-01-01T10:14:59.706Z,261.044723330734,1445,1706.044723330734
2024-01-01T10:15:03.211Z,250.41499999999996,1455,1705.415
2024-01-01T10:15:06.213Z,238.43301801801798,1469,1707.433018018018
2024-01-01T10:15:08.716Z,226.4596780551905,1481,1707.4596780551906
2024-01-01T10:15:12.728Z,193.96561349693246,1517,1710.9656134969325
2024-01-01T10:15:15.733Z,147.3738263265363,1566,1713.3738263265363
2024-01-01T10:15:18.744Z,61.14469421443755,1659,1720.1446942144375
2024-01-01T10:15:20.741Z,-0.9738806194092078,1717,1716.026119380591
2024-01-01T10:15:24.237Z,-91.17654534021923,1812,1720.8234546597807
2024-01-01T10:15:27.240Z,-100.92052889700844,1808,1707.0794711029916
2024-01-01T10:15:30.244Z,-79.28140385009786,1781,1701.7185961499022
2024-01-01T10:15:32.748Z,-56.47995282993366,1758,1701.5200471700664
2024-01-01T10:15:36.758Z,-63.40248955443379,1770,1706.5975104455663
2024-01-01T10:15:39.767Z,-50.74684259110776,1754,1703.2531574088923
2024-01-01T10:15:42.774Z,-6.19531027083611,1704,1697.8046897291638
2024-01-01T10:15:44.276Z,50.696686703986536,1645,1695.6966867039866
2024-01-01T10:15:48.786Z,87.18248208498164,1612,1699.1824820849815
2024-01-01T10:15:51.789Z,43.821875814653154,1669,1712.8218758146531
2024-01-01T10:15:54.794Z,-107.70168564485574,1839,1731.2983143551442
2024-01-01T10:15:56.799Z,-190.44991493237077,1910,1719.5500850676292
2024-01-01T10:16:00.302Z,-147.86019304175966,1846,1698.1398069582403
2024-01-01T10:16:03.306Z,-18.655753219992164,1702,1683.3442467800078
2024-01-01T10:16:06.312Z,104.39536038427619,1580,1684.3953603842763
2024-01-01T10:16:08.813Z,154.80415062741363,1542,1696.8041506274137
2024-01-01T10:16:12.318Z,199.7391805226056,1498,1697.7391805226057
2024-01-01T10:16:15.322Z,219.9607444908207,1482,1701.9607444908206
2024-01-01T10:16:18.326Z,230.59794860938666,1473,1703.5979486093865
2024-01-01T10:16:20.829Z,236.42040560613464,1468,1704.4204056061346
2024-01-01T10:16:24.333Z,229.58297293730877,1477,1706.5829729373088
2024-01-01T10:16:27.337Z,218.33618136003068,1489,1707.3361813600307
2024-01-01T10:16:30.842Z,212.4247867516578,1494,1706.4247867516578
2024-01-01T10:16:31.343Z,210.70822393532427,1495,1705.7082239353242
2024-01-01T10:16:36.349Z,239.4972476481016,1461,1700.4972476481016
2024-01-01T10:16:39.353Z,265.9041607238788,1435,1700.9041607238787
2024-01-01T10:16:42.356Z,280.8602029802961,1422,1702.860202980296
2024-01-01T10:16:45.359Z,289.0209739019418,1415,1704.0209739019417
2024-01-01T10:16:48.367Z,292.7739202320457,1412,1704.7739202320458
2024-01-01T10:16:51.372Z,293.3214677223783,1412,1705.3214677223782
2024-01-01T10:16:54.376Z,292.5472518583531,1413,1705.547251858353
2024-01-01T10:16:57.129Z,289.87198938734446,1416,1705.8719893873445
2024-01-01T10:17:00.383Z,288.6275718868086,1417,1705.6275718868087
2024-01-01T10:17:03.388Z,285.0296059553172,1421,1706.0296059553173
2024-01-01T10:17:06.391Z,274.25544620541575,1433,1707.2554462054159
2024-01-01T10:17:09.395Z,246.20635652885312,1464,1710.2063565288531
2024-01-01T10:17:12.406Z,213.9286846103168,1497,1710.9286846103169
2024-01-01T10:17:15.410Z,193.84560035087023,1515,1708.8456003508702
2024-01-01T10:17:18.415Z,200.31063947452162,1504,1704.3106394745216
2024-01-01T10:17:21.922Z,226.87693495827176,1474,1700.8769349582717
2024-01-01T10:17:24.925Z,240.1480268621273,1463,1703.1480268621274
2024-01-01T10:17:27.930Z,248.06296684036735,1456,1704.0629668403674
2024-01-01T10:17:30.933Z,253.48825085169275,1451,1704.4882508516928
2024-01-01T10:17:32.436Z,255.13389108773185,1450,1705.1338910877319
2024-01-01T10:17:36.441Z,254.51988479618066,1451,1705.5198847961806
2024-01-01T10:17:39.447Z,253.57620051928333,1452,1705.5762005192832
2024-01-01T10:17:42.454Z,251.73031490630356,1454,1705.7303149063036
2024-01-01T10:17:45.959Z,248.89869792609278,1457,1705.8986979260928
2024-01-01T10:17:48.718Z,247.63146861009633,1458,1705.6314686100964
2024-01-01T10:17:51.725Z,248.30068431083137,1457,1705.3006843108315
2024-01-01T10:17:54.731Z,249.25242353197314,1456,1705.2524235319731
2024-01-01T10:17:57.238Z,247.68307648048142,1458,1705.6830764804813
2024-01-01T10:18:00.252Z,242.3295000338988,1464,1706.3295000338987
2024-01-01T10:18:03.255Z,233.86150606056324,1473,1706.8615060605632
2024-01-01T10:18:06.274Z,216.39810503130005,1492,1708.3981050313
2024-01-01T10:18:09.281Z,161.75000921730657,1553,1714.7500092173066
2024-01-01T10:18:12.284Z,57.263437303631704,1666,1723.2634373036317
2024-01-01T10:18:15.287Z,-28.871411290608208,1749,1720.1285887093918
2024-01-01T10:18:18.291Z,-56.81215173038325,1767,1710.1878482696168
2024-01-01T10:18:21.296Z,-75.40838424831898,1784,1708.591615751681
2024-01-01T10:18:24.301Z,-52.49847902035896,1754,1701.501520979641
2024-01-01T10:18:27.305Z,-3.034462716710543,1700,1696.9655372832894
2024-01-01T10:18:30.311Z,60.55296977586449,1634,1694.5529697758645
2024-01-01T10:18:33.815Z,152.6781418739815,1537,1689.6781418739815
2024-01-01T10:18:36.319Z,213.09463148573886,1482,1695.0946314857388
2024-01-01T10:18:39.323Z,238.9913178511843,1462,1700.9913178511842
2024-01-01T10:18:42.331Z,256.43522493254636,1446,1702.4352249325464
2024-01-01T10:18:45.334Z,274.3540920691346,1428,1702.3540920691346
2024-01-01T10:18:48.341Z,293.19635691013997,1409,1702.19635691014
2024-01-01T10:18:51.344Z,311.31924169433967,1391,1702.3192416943398
2024-01-01T10:18:54.347Z,326.7748644439832,1376,1702.7748644439832
2024-01-01T10:18:57.352Z,338.42493104228936,1365,1703.4249310422892
2024-01-01T10:19:00.357Z,348.66567251453927,1355,1703.6656725145392
2024-01-01T10:19:03.368Z,357.84669425573304,1346,1703.846694255733
2024-01-01T10:19:06.375Z,366.0190030055896,1338,1704.0190030055896
2024-01-01T10:19:09.381Z,371.4818366146426,1333,1704.4818366146426
2024-01-01T10:19:12.386Z,377.40346509440667,1327,1704.4034650944068
2024-01-01T10:19:15.404Z,383.3920308437022,1321,1704.3920308437023
2024-01-01T10:19:18.421Z,386.82805671025795,1318,1704.828056710258
2024-01-01T10:19:21.428Z,392.45397792560175,1312,1704.4539779256017
2024-01-01T10:19:23.942Z,394.1288907352043,1311,1705.1288907352043
2024-01-01T10:19:27.444Z,399.49786901832664,1305,1704.4978690183266
2024-01-01T10:19:30.448Z,402.8434982918314,1302,1704.8434982918313
2024-01-01T10:19:33.454Z,406.74802688949194,1298,1704.748026889492
2024-01-01T10:19:35.458Z,409.8799958333616,1295,1704.8799958333616
2024-01-01T10:19:39.464Z,412.0451478765386,1293,1705.0451478765385
2024-01-01T10:19:42.467Z,412.3610393024086,1293,1705.3610393024087
2024-01-01T10:19:45.471Z,416.67763707157,1288,1704.67763707157
2024-01-01T10:19:47.973Z,417.30742019858167,1288,1705.3074201985817
2024-01-01T10:19:51.480Z,417.3993043185018,1288,1705.399304318502
2024-01-01T10:19:54.484Z,416.5586080646813,1289,1705.5586080646813
2024-01-01T10:19:57.487Z,416.43595213426767,1289,1705.4359521342676
2024-01-01T10:19:59.492Z,413.85575097644346,1292,1705.8557509764435
2024-01-01T10:20:03.498Z,410.91699880208756,1295,1705.9169988020876
2024-01-01T10:20:06.503Z,404.50952687442174,1302,1706.5095268744217
2024-01-01T10:20:09.507Z,399.3041794876166,1307,1706.3041794876167
2024-01-01T10:20:12.511Z,393.4201177413962,1313,1706.420117741396
2024-01-01T10:20:15.515Z,381.4583191409113,1326,1707.4583191409113
2024-01-01T10:20:18.519Z,364.33928085248897,1344,1708.339280852489
2024-01-01T10:20:21.522Z,338.7808937377703,1371,1709.7808937377704
2024-01-01T10:20:24.527Z,308.5748143581633,1402,1710.5748143581632
2024-01-01T10:20:27.531Z,280.2529517143815,1430,1710.2529517143814
2024-01-01T10:20:31.038Z,236.8321571950217,1476,1712.8321571950216
2024-01-01T10:20:34.047Z,98.11134388206952,1631,1729.1113438820696
2024-01-01T10:20:37.053Z,-11.808456476751658,1736,1724.1915435232484
2024-01-01T10:20:40.058Z,-59.44731197056921,1773,1713.5526880294308
2024-01-01T10:20:42.562Z,-38.21236243099301,1740,1701.787637569007
2024-01-01T10:20:45.567Z,92.14696792482133,1591,1683.1469679248214
2024-01-01T10:20:48.571Z,222.19939351720143,1461,1683.1993935172013
2024-01-01T10:20:51.575Z,294.982210569319,1398,1692.982210569319
2024-01-01T10:20:54.581Z,340.619261084269,1357,1697.619261084269
2024-01-01T10:20:57.584Z,371.19247207555514,1329,1700.192472075555
2024-01-01T10:21:00.588Z,385.90226703961355,1317,1702.9022670396134
2024-01-01T10:21:03.597Z,382.92378540424187,1323,1705.923785404242
2024-01-01T10:21:07.100Z,363.69898753258667,1345,1708.6989875325867
2024-01-01T10:21:10.105Z,352.3531076613681,1355,1707.353107661368
2024-01-01T10:21:13.112Z,362.6551936244856,1341,1703.6551936244855
2024-01-01T10:21:16.121Z,384.6566949000236,1317,1701.6566949000235
2024-01-01T10:21:18.629Z,392.1371805069281,1312,1704.137180506928
2024-01-01T10:21:21.633Z,373.5842234247302,1335,1708.5842234247302
2024-01-01T10:21:24.635Z,345.25432447869304,1365,1710.254324478693
2024-01-01T10:21:27.641Z,351.3702715211173,1353,1704.3702715211173
2024-01-01T10:21:30.648Z,384.71845088661604,1315,1699.718450886616
2024-01-01T10:21:33.647Z,410.93643384143724,1290,1700.9364338414373
2024-01-01T10:21:36.651Z,420.74029976719277,1283,1703.7402997671927
2024-01-01T10:21:39.654Z,426.44117436016063,1278,1704.4411743601606
2024-01-01T10:21:42.659Z,432.3975325514299,1272,1704.3975325514298
2024-01-01T10:21:45.666Z,436.68296136484736,1268,1704.6829613648474
2024-01-01T10:21:48.667Z,440.72460486750066,1264,1704.7246048675006
2024-01-01T10:21:51.669Z,443.87657860640655,1261,1704.8765786064066
2024-01-01T10:21:55.172Z,448.606955208594,1256,1704.606955208594
2024-01-01T10:21:58.177Z,451.005311786251,1254,1705.005311786251
2024-01-01T10:22:01.180Z,451.35522729516333,1254,1705.3552272951633
2024-01-01T10:22:04.183Z,451.4062792798924,1254,1705.4062792798923
2024-01-01T10:22:06.186Z,451.41372766408335,1254,1705.4137276640834
2024-01-01T10:22:09.203Z,452.26891633494114,1253,1705.2689163349412
2024-01-01T10:22:12.719Z,450.6854827480055,1255,1705.6854827480056
2024-01-01T10:22:15.726Z,450.4544629010974,1255,1705.4544629010975
2024-01-01T10:22:18.733Z,450.42075755967613,1255,1705.420757559676
2024-01-01T10:22:22.241Z,447.85353411788685,1258,1705.8535341178867
2024-01-01T10:22:25.245Z,446.6248792992824,1259,1705.6248792992824
2024-01-01T10:22:28.252Z,445.5915190108405,1260,1705.5915190108406
2024-01-01T10:22:31.261Z,444.58665181035144,1261,1705.5866518103514
2024-01-01T10:22:34.266Z,443.58594169537025,1262,1705.5859416953704
2024-01-01T10:22:37.270Z,442.58583809099076,1263,1705.5858380909908
2024-01-01T10:22:40.275Z,440.73172100906584,1265,1705.731721009066
2024-01-01T10:22:42.778Z,437.89890307372104,1268,1705.8989030737212
2024-01-01T10:22:46.284Z,437.4856005069816,1268,1705.4856005069817
2024-01-01T10:22:49.288Z,433.15479064390195,1273,1706.1547906439018
2024-01-01T10:22:52.292Z,429.9606281015831,1276,1705.960628101583
2024-01-01T10:22:54.797Z,426.0781982021811,1280,1706.078198202181
2024-01-01T10:22:57.800Z,422.9494534149359,1283,1705.9494534149358
2024-01-01T10:23:00.804Z,416.51426193862244,1290,1706.5142619386224
2024-01-01T10:23:03.808Z,413.0130742566725,1293,1706.0130742566726
2024-01-01T10:23:06.812Z,409.0858499930864,1297,1706.0858499930864
2024-01-01T10:23:09.818Z,407.658773728683,1298,1705.658773728683
2024-01-01T10:23:13.325Z,410.01287200644384,1295,1705.0128720064438
2024-01-01T10:23:16.327Z,412.0645342489235,1293,1705.0645342489236
2024-01-01T10:23:19.331Z,414.9261736347701,1290,1704.92617363477
2024-01-01T10:23:22.335Z,415.3436811944676,1290,1705.3436811944675
2024-01-01T10:23:25.340Z,414.5504927602537,1291,1705.5504927602537
2024-01-01T10:23:28.343Z,413.5806661610587,1292,1705.5806661610586
2024-01-01T10:23:30.861Z,413.4391703671574,1292,1705.4391703671574
2024-01-01T10:23:33.858Z,413.41852640904324,1292,1705.4185264090434
2024-01-01T10:23:36.865Z,412.5614125298959,1293,1705.561412529896
2024-01-01T10:23:39.870Z,412.4363613002282,1293,1705.4363613002283
2024-01-01T10:23:41.372Z,412.4181165717016,1293,1705.4181165717016
2024-01-01T10:23:46.380Z,409.85314880293424,1296,1705.8531488029344
2024-01-01T10:23:49.383Z,409.4789250488381,1296,1705.4789250488382
2024-01-01T10:23:52.388Z,407.7161226064335,1298,1705.7161226064336
2024-01-01T10:23:55.400Z,406.6048312299467,1299,1705.6048312299467
2024-01-01T10:23:58.404Z,404.7344920706942,1301,1705.7344920706942
2024-01-01T10:24:01.410Z,402.7534093324137,1303,1705.7534093324136
2024-01-01T10:24:04.416Z,401.6102712899522,1304,1705.6102712899522
2024-01-01T10:24:06.671Z,399.7352857647525,1306,1705.7352857647525
2024-01-01T10:24:09.678Z,398.6076270970659,1307,1705.607627097066
2024-01-01T10:24:12.681Z,395.02669604971015,1311,1706.0266960497102
2024-01-01T10:24:15.685Z,393.6501432846558,1312,1705.6501432846558
2024-01-01T10:24:19.189Z,390.8870010441318,1315,1705.887001044132
2024-01-01T10:24:22.194Z,387.92155812551783,1318,1705.9215581255178
2024-01-01T10:24:25.201Z,386.6348038682436,1319,1705.6348038682436
2024-01-01T10:24:28.207Z,383.88476305343835,1322,1705.8847630534383
2024-01-01T10:24:31.212Z,383.48353750582515,1322,1705.483537505825
2024-01-01T10:24:34.428Z,380.86269358858897,1325,1705.862693588589
2024-01-01T10:24:37.224Z,380.48031761429775,1325,1705.4803176142977
2024-01-01T10:24:40.229Z,377.8622238127462,1328,1705.8622238127462
2024-01-01T10:24:42.733Z,377.48024907492595,1328,1705.480249074926
2024-01-01T10:24:45.738Z,377.4245197117357,1328,1705.4245197117357
2024-01-01T10:24:48.744Z,379.12459283972345,1326,1705.1245928397234
2024-01-01T10:24:51.748Z,381.08083409882795,1324,1705.0808340988278
2024-01-01T10:24:55.253Z,381.36624585207255,1324,1705.3662458520726
2024-01-01T10:24:58.467Z,377.1373770344318,1329,1706.1373770344317
2024-01-01T10:25:01.270Z,376.52039338894997,1329,1705.52039338895
2024-01-01T10:25:04.276Z,377.28447865446776,1328,1705.2844786544679
2024-01-01T10:25:06.783Z,380.8123650573231,1324,1704.8123650573232
2024-01-01T10:25:09.788Z,383.8893826455432,1321,1704.8893826455433
2024-01-01T10:25:12.793Z,385.1924154277294,1320,1705.1924154277294
2024-01-01T10:25:15.796Z,385.3825253485625,1320,1705.3825253485625
2024-01-01T10:25:18.802Z,385.41026201220853,1320,1705.4102620122085
2024-01-01T10:25:21.807Z,385.4143087368973,1320,1705.4143087368973
2024-01-01T10:25:24.811Z,384.56079717982277,1321,1705.5607971798227
2024-01-01T10:25:27.813Z,384.43627152186247,1321,1705.4362715218624
2024-01-01T10:25:31.317Z,384.41810347321456,1321,1705.4181034732146
2024-01-01T10:25:34.321Z,383.5613508243901,1322,1705.56135082439
2024-01-01T10:25:37.327Z,383.43635229751624,1322,1705.4363522975164
2024-01-01T10:25:40.329Z,383.4181152582236,1322,1705.4181152582237
2024-01-01T10:25:41.833Z,383.4154545100494,1322,1705.4154545100494
2024-01-01T10:25:45.852Z,384.2691682783722,1321,1705.2691682783723
2024-01-01T10:25:48.862Z,383.53962147230635,1322,1705.5396214723064
2024-01-01T10:25:51.869Z,384.28728399402223,1321,1705.2872839940223
2024-01-01T10:25:55.377Z,384.39636648584934,1321,1705.3963664858493
2024-01-01T10:25:58.384Z,384.4122814069235,1321,1705.4122814069235
2024-01-01T10:26:01.387Z,384.41460336261554,1321,1705.4146033626155
2024-01-01T10:26:04.395Z,384.4149421313855,1321,1705.4149421313855
2024-01-01T10:26:07.399Z,384.4149915570829,1321,1705.4149915570829
2024-01-01T10:26:10.155Z,384.41499876819495,1321,1705.414998768195
2024-01-01T10:26:13.410Z,381.852693921533,1324,1705.852693921533
2024-01-01T10:26:15.415Z,381.4788586825361,1324,1705.4788586825362
2024-01-01T10:26:18.932Z,380.5702148899702,1325,1705.5702148899702
2024-01-01T10:26:21.942Z,379.5835435810057,1326,1705.5835435810056
2024-01-01T10:26:24.952Z,379.43959017706993,1326,1705.43959017707
2024-01-01T10:26:27.961Z,377.7103837259847,1328,1705.7103837259847
2024-01-01T10:26:31.468Z,375.7498919723236,1330,1705.7498919723237
2024-01-01T10:26:34.223Z,372.9015541815317,1333,1705.9015541815318
2024-01-01T10:26:37.477Z,371.6318853321487,1334,1705.6318853321486
2024-01-01T10:26:39.480Z,370.59254117726005,1335,1705.59254117726
2024-01-01T10:26:43.488Z,367.8785970099229,1338,1705.878597009923
2024-01-01T10:26:46.493Z,364.0662300272015,1342,1706.0662300272015
2024-01-01T10:26:49.499Z,362.65591121423813,1343,1705.6559112142381
2024-01-01T10:26:52.002Z,358.1796386412173,1348,1706.1796386412173
2024-01-01T10:26:55.006Z,356.6724573080334,1349,1705.6724573080335
2024-01-01T10:26:58.012Z,354.74435858251735,1351,1705.7443585825174
2024-01-01T10:27:01.016Z,350.1925429383396,1356,1706.1925429383396
2024-01-01T10:27:04.020Z,348.6743400196105,1357,1705.6743400196106
2024-01-01T10:27:07.023Z,343.3282254014358,1363,1706.3282254014357
2024-01-01T10:27:10.028Z,339.9859318916912,1366,1705.9859318916913
2024-01-01T10:27:13.031Z,335.22778800915466,1371,1706.2277880091547
2024-01-01T10:27:16.540Z,327.700768442394,1379,1706.700768442394
2024-01-01T10:27:19.570Z,323.1861832226047,1383,1706.1861832226048
2024-01-01T10:27:21.575Z,319.11110625084046,1387,1706.1111062508405
2024-01-01T10:27:25.582Z,316.8083566007795,1389,1705.8083566007795
2024-01-01T10:27:28.591Z,315.6182879883667,1390,1705.6182879883668
2024-01-01T10:27:31.612Z,315.44465931778774,1390,1705.4446593177877
2024-01-01T10:27:34.621Z,315.4193272361476,1390,1705.4193272361476
2024-01-01T10:27:37.632Z,315.41563133524545,1390,1705.4156313352455
2024-01-01T10:27:40.134Z,314.56099014432124,1391,1705.5609901443213
2024-01-01T10:27:43.137Z,310.16578984375496,1396,1706.165789843755
2024-01-01T10:27:46.140Z,305.2540289307151,1401,1706.254028930715
2024-01-01T10:27:49.144Z,299.4128008737528,1407,1706.4128008737528
2024-01-01T10:27:50.144Z,298.56057718555485,1407,1705.5605771855548
2024-01-01T10:27:54.900Z,303.5608512226294,1401,1704.5608512226295
2024-01-01T10:27:57.905Z,311.97729906909854,1392,1703.9772990690985
2024-01-01T10:28:00.909Z,319.18395602480825,1385,1704.1839560248081
2024-01-01T10:28:04.664Z,323.65180096955805,1381,1704.651800969558
2024-01-01T10:28:07.668Z,326.01185469459773,1379,1705.0118546945978
2024-01-01T10:28:10.425Z,326.3561818926261,1379,1705.3561818926262
2024-01-01T10:28:13.677Z,328.9687244525343,1376,1704.9687244525344
2024-01-01T10:28:15.930Z,329.34988927511387,1376,1705.3498892751138
2024-01-01T10:28:18.934Z,330.2596024395127,1375,1705.2596024395127
2024-01-01T10:28:22.188Z,331.246429767725,1374,1705.246429767725
2024-01-01T10:28:25.196Z,332.24450790081187,1373,1705.2445079008119
2024-01-01T10:28:27.700Z,332.39012553795845,1373,1705.3901255379585
2024-01-01T10:28:30.702Z,332.4113708648975,1373,1705.4113708648974
2024-01-01T10:28:33.459Z,332.4144705163243,1373,1705.4144705163244
2024-01-01T10:28:36.710Z,332.4149227493728,1373,1705.4149227493729
2024-01-01T10:28:39.969Z,332.41498872928537,1373,1705.4149887292854
2024-01-01T10:28:42.974Z,332.41499835562485,1373,1705.414998355625
2024-01-01T10:28:45.981Z,332.41499976008885,1373,1705.414999760089
2024-01-01T10:28:48.984Z,332.4149999649974,1373,1705.4149999649974
2024-01-01T10:28:52.249Z,332.41499999489315,1373,1705.4149999948932
2024-01-01T10:28:55.260Z,332.4149999992549,1373,1705.4149999992549
2024-01-01T10:28:58.014Z,332.4149999998913,1373,1705.4149999998913
2024-01-01T10:29:00.768Z,333.2691019662338,1372,1705.2691019662338
2024-01-01T10:29:04.025Z,333.39371376374544,1372,1705.3937137637454
2024-01-01T10:29:07.028Z,336.8283022449832,1368,1704.8283022449832
2024-01-01T10:29:10.033Z,339.0376058836367,1366,1705.0376058836366
2024-01-01T10:29:13.039Z,339.3599389404736,1366,1705.3599389404735
2024-01-01T10:29:16.043Z,339.4069666996789,1366,1705.4069666996788
2024-01-01T10:29:19.048Z,339.4138279572786,1366,1705.4138279572785
2024-01-01T10:29:22.053Z,339.41482900127147,1366,1705.4148290012715
2024-01-01T10:29:24.807Z,339.4149750516217,1366,1705.4149750516217
2024-01-01T10:29:27.810Z,338.56089439383095,1367,1705.560894393831
2024-01-01T10:29:31.314Z,337.5821837389454,1368,1705.5821837389453
2024-01-01T10:29:34.319Z,334.87708588003807,1371,1705.877085880038
2024-01-01T10:29:37.324Z,333.62831545507163,1372,1705.6283154550715
2024-01-01T10:29:39.827Z,331.7379183729641,1374,1705.737918372964
2024-01-01T10:29:42.831Z,329.7539092231779,1376,1705.753909223178
2024-01-01T10:29:45.836Z,327.7562422567821,1378,1705.7562422567821
2024-01-01T10:29:48.841Z,324.90248067554796,1381,1705.9024806755478
2024-01-01T10:29:51.845Z,322.7779185395543,1383,1705.7779185395543
2024-01-01T10:29:55.063Z,319.9056432025834,1386,1705.9056432025834
2024-01-01T10:29:57.866Z,316.0701760135311,1390,1706.0701760135312
2024-01-01T10:29:59.373Z,312.9482829933855,1393,1705.9482829933854
2024-01-01T10:30:03.880Z,306.41499999999996,1399,1705.415
2024-01-01T10:30:06.885Z,299.5681531531531,1407,1706.5681531531532
2024-01-01T10:30:09.891Z,288.3335282522996,1419,1707.3335282522996
2024-01-01T10:30:11.896Z,282.4243941717791,1424,1706.424394171779
2024-01-01T10:30:15.902Z,271.3130448099354,1436,1707.3130448099355
2024-01-01T10:30:19.107Z,259.4426974057402,1448,1707.44269740574
2024-01-01T10:30:21.910Z,249.16981740194908,1458,1707.169817401949
2024-01-01T10:30:23.914Z,245.9628204760352,1460,1705.9628204760352
2024-01-01T10:30:27.920Z,242.07851806530292,1464,1706.078518065303
2024-01-01T10:30:30.929Z,242.36590794733516,1463,1705.3659079473352
2024-01-01T10:30:33.935Z,244.11604149854278,1461,1705.1160414985427
2024-01-01T10:30:35.944Z,248.64189237371284,1456,1704.6418923737128
2024-01-01T10:30:39.956Z,256.13502084744476,1448,1704.1350208474448
2024-01-01T10:30:42.715Z,259.7905594571498,1445,1704.7905594571498
2024-01-01T10:30:45.977Z,263.7403032176029,1441,1704.740303217603
2024-01-01T10:30:47.990Z,266.02476699856993,1439,1705.02476699857
2024-01-01T10:30:51.997Z,268.0662697048862,1437,1705.0662697048863
2024-01-01T10:30:55.002Z,270.92642683438277,1434,1704.9264268343827
2024-01-01T10:30:58.010Z,272.19782010204295,1433,1705.197820102043
2024-01-01T10:31:00.014Z,272.3833138799179,1433,1705.383313879918
2024-01-01T10:31:04.022Z,272.41037705738285,1433,1705.410377057383
2024-01-01T10:31:06.780Z,272.414325521762,1433,1705.414325521762
2024-01-01T10:31:10.033Z,271.56079962870155,1434,1705.5607996287015
2024-01-01T10:31:13.039Z,270.58216991289936,1435,1705.5821699128994
2024-01-01T10:31:16.043Z,267.87708386284515,1438,1705.8770838628452
2024-01-01T10:31:19.052Z,264.9201112282678,1441,1705.9201112282678
2024-01-01T10:31:22.059Z,262.7804908025301,1443,1705.78049080253
2024-01-01T10:31:25.065Z,260.7601204569436,1445,1705.7601204569437
2024-01-01T10:31:28.073Z,257.903046497326,1448,1705.903046497326
2024-01-01T10:31:30.828Z,256.6321030580889,1449,1705.632103058089
2024-01-01T10:31:34.085Z,252.1761650780479,1454,1706.176165078048
2024-01-01T10:31:37.090Z,249.8178485557472,1456,1705.817848555747
2024-01-01T10:31:40.097Z,246.9114689134336,1459,1705.9114689134335
2024-01-01T10:31:43.105Z,244.77922990578872,1461,1705.7792299057887
2024-01-01T10:31:46.111Z,242.75993649458823,1463,1705.7599364945881
2024-01-01T10:31:49.115Z,239.0489176913304,1467,1706.0489176913304
2024-01-01T10:31:52.120Z,235.09107947972586,1471,1706.091079479726
2024-01-01T10:31:54.875Z,231.09723080175218,1475,1706.0972308017522
2024-01-01T10:31:58.126Z,221.97351647004265,1485,1706.9735164700426
2024-01-01T10:32:01.135Z,211.24726285980014,1496,1707.2472628598002
2024-01-01T10:32:04.142Z,187.47567242606675,1522,1709.4756724260667
2024-01-01T10:32:07.650Z,144.71875367518174,1568,1712.7187536751817
2024-01-01T10:32:10.655Z,103.46242268396855,1609,1712.4624226839685
2024-01-01T10:32:13.672Z,88.90218545010151,1619,1707.9021854501016
2024-01-01T10:32:15.174Z,91.04838529799059,1614,1705.0483852979905
2024-01-01T10:32:18.927Z,122.10918242082148,1578,1700.1091824208215
2024-01-01T10:32:22.181Z,142.86882900650397,1559,1701.868829006504
2024-01-01T10:32:25.184Z,151.0222324222046,1553,1704.0222324222045
2024-01-01T10:32:28.193Z,153.0658999151781,1552,1705.065899915178
2024-01-01T10:32:31.205Z,153.36406698404238,1552,1705.3640669840424
2024-01-01T10:32:34.216Z,149.13705914187037,1557,1706.1370591418704
2024-01-01T10:32:37.223Z,142.5416332453025,1564,1706.5416332453026
2024-01-01T10:32:40.232Z,133.89245587900018,1573,1706.8924558790002
2024-01-01T10:32:42.985Z,125.79774217770147,1581,1706.7977421777014
2024-01-01T10:32:46.240Z,105.82649610741719,1603,1708.8264961074171
2024-01-01T10:32:49.244Z,84.97658928297561,1624,1708.9765892829755
2024-01-01T10:32:52.247Z,61.436181683419875,1648,1709.4361816834198
2024-01-01T10:32:55.261Z,18.712992053478217,1694,1712.7129920534783
2024-01-01T10:32:58.266Z,-30.22533562155636,1744,1713.7746643784437
2024-01-01T10:33:01.273Z,-102.27709083934857,1820,1717.7229091606514
2024-01-01T10:33:04.278Z,-220.40614800134375,1946,1725.5938519986562
2024-01-01T10:33:07.030Z,-329.8839575250234,2054,1724.1160424749767
2024-01-01T10:33:10.286Z,-415.892915906294,2136,1720.107084093706
2024-01-01T10:33:13.290Z,-525.809077971498,2250,1724.190922028502
2024-01-01T10:33:16.297Z,-603.3409714641697,2322,1718.6590285358302
2024-01-01T10:33:19.300Z,-596.7165809864459,2301,1704.283419013554
2024-01-01T10:33:22.305Z,-524.8596322422279,2218,1693.140367757772
2024-01-01T10:33:25.310Z,-504.98072308040275,2207,1702.0192769195974
2024-01-01T10:33:28.315Z,-591.7611357768083,2312,1720.2388642231917
2024-01-01T10:33:31.069Z,-739.3703380247049,2470,1730.6296619752952
2024-01-01T10:33:34.326Z,-859.1279565148393,2585,1725.8720434851607
2024-01-01T10:33:37.329Z,-825.3542396041893,2525,1699.6457603958106
2024-01-01T10:33:40.335Z,-617.1504527470607,2287,1669.8495472529394
2024-01-01T10:33:43.344Z,-429.619167835294,2103,1673.3808321647061
2024-01-01T10:33:46.351Z,-290.37136452128834,1972,1681.6286354787117
2024-01-01T10:33:49.111Z,-229.91259139998908,1925,1695.0874086000108
2024-01-01T10:33:52.116Z,-151.90951601241065,1844,1692.0904839875893
2024-01-01T10:33:55.125Z,-48.286008331919405,1736,1687.7139916680806
2024-01-01T10:33:58.128Z,56.513164145191865,1631,1687.513164145192
2024-01-01T10:34:01.138Z,128.17388712074177,1565,1693.1738871207417
2024-01-01T10:34:04.148Z,156.5651869912439,1544,1700.565186991244
2024-01-01T10:34:07.154Z,173.51895131171102,1529,1702.5189513117111
2024-01-01T10:34:10.161Z,190.51220561697806,1512,1702.512205616978
2024-01-01T10:34:13.165Z,203.24071160213182,1500,1703.2407116021318
2024-01-01T10:34:14.669Z,206.80597953044426,1498,1704.8059795304443
2024-01-01T10:34:19.176Z,218.429470672224,1485,1703.429470672224
2024-01-01T10:34:22.180Z,226.95813090512135,1477,1703.9581309051214
2024-01-01T10:34:25.183Z,229.91064959612495,1475,1704.910649596125
2024-01-01T10:34:28.188Z,234.61192609900183,1470,1704.6119260990017
2024-01-01T10:34:31.191Z,235.29783309688816,1470,1705.297833096888
2024-01-01T10:34:34.198Z,237.96021147796438,1467,1704.9602114779643
2024-01-01T10:34:37.202Z,236.6404433163634,1469,1705.6404433163634
2024-01-01T10:34:40.208Z,233.8855858378305,1472,1705.8855858378306
2024-01-01T10:34:43.212Z,228.35904575095208,1478,1706.3590457509522
2024-01-01T10:34:46.217Z,219.86581672258706,1487,1706.8658167225872
2024-01-01T10:34:47.719Z,215.21026344215875,1491,1706.2102634421587
2024-01-01T10:34:52.226Z,187.19976445253454,1523,1710.1997644525345
2024-01-01T10:34:55.237Z,166.88515036683916,1542,1708.885150366839
2024-01-01T10:34:58.244Z,143.42284092534732,1566,1709.4228409253474
2024-01-01T10:35:00.246Z,121.20949285309912,1588,1709.2094928530992
2024-01-01T10:35:04.253Z,53.056859611370726,1664,1717.0568596113708
2024-01-01T10:35:07.256Z,-23.506428940979234,1742,1718.4935710590207
2024-01-01T10:35:10.259Z,-106.42142736319863,1826,1719.5785726368013
2024-01-01T10:35:12.262Z,-141.57931569015244,1853,1711.4206843098475
2024-01-01T10:35:16.269Z,-115.10700971662982,1816,1700.8929902833702
2024-01-01T10:35:19.279Z,-45.47890092503043,1739,1693.5210990749695
2024-01-01T10:35:22.283Z,37.27837037264017,1654,1691.2783703726402
2024-01-01T10:35:25.286Z,95.47399971099469,1600,1695.4739997109946
2024-01-01T10:35:28.291Z,121.04666692931647,1580,1701.0466669293164
2024-01-01T10:35:31.306Z,138.44330025421573,1564,1702.4433002542157
2024-01-01T10:35:34.310Z,156.35527024268805,1546,1702.355270242688
2024-01-01T10:35:35.812Z,164.09320324209892,1540,1704.093203242099
2024-01-01T10:35:40.320Z,178.8877839119996,1524,1702.8877839119996
2024-01-01T10:35:43.325Z,183.6085900406476,1521,1704.6085900406476
2024-01-01T10:35:46.329Z,183.4432444062841,1522,1705.443244406284
2024-01-01T10:35:48.331Z,182.56501883709157,1523,1705.5650188370917
2024-01-01T10:35:52.338Z,176.45817368960934,1530,1706.4581736896093
2024-01-01T10:35:55.342Z,167.88027929392686,1539,1706.8802792939268
2024-01-01T10:35:58.345Z,162.35827153663053,1544,1706.3582715366306
2024-01-01T10:36:00.348Z,158.99031556373794,1547,1705.990315563738
2024-01-01T10:36:04.356Z,154.22842757828687,1552,1706.2284275782868
2024-01-01T10:36:07.364Z,149.26316765302187,1557,1706.2631676530218
2024-01-01T10:36:10.368Z,144.26823616161806,1562,1706.268236161618
2024-01-01T10:36:11.871Z,140.12307761330598,1566,1706.123077613306
2024-01-01T10:36:16.380Z,101.9378206165378,1610,1711.937820616538
2024-01-01T10:36:19.387Z,74.16001557996705,1636,1710.160015579967
2024-01-01T10:36:22.391Z,59.85806484823556,1648,1707.8580648482355
2024-01-01T10:36:24.394Z,56.06323442518268,1650,1706.0632344251826
2024-01-01T10:36:28.399Z,41.84394466804844,1666,1707.8439446680484
2024-01-01T10:36:31.403Z,-18.309555453822007,1734,1715.690444546178
2024-01-01T10:36:34.407Z,-185.94879856724359,1920,1734.0512014327564
2024-01-01T10:36:35.910Z,-282.1515996818564,2004,1721.8484003181436
2024-01-01T10:36:40.417Z,-666.8676525581142,2438,1771.132347441886
2024-01-01T10:36:43.422Z,-920.2945224286198,2669,1748.7054775713802
2024-01-01T10:36:46.425Z,-1038.4086912359435,2764,1725.5913087640565
2024-01-01T10:36:47.927Z,-1059.9118260542334,2769,1709.0881739457666
2024-01-01T10:36:52.434Z,-911.8730431174956,2592,1680.1269568825044
2024-01-01T10:36:55.442Z,-688.7064117333102,2356,1667.2935882666898
2024-01-01T10:36:58.449Z,-457.14108087949967,2123,1665.8589191205003
2024-01-01T10:37:00.451Z,-299.5113693169832,1978,1678.4886306830167
2024-01-01T10:37:04.459Z,-144.12769957068159,1823,1678.8723004293183
2024-01-01T10:37:07.463Z,-124.87393554278655,1827,1702.1260644572135
2024-01-01T10:37:10.468Z,-168.1863554063071,1881,1712.813644593693
2024-01-01T10:37:12.471Z,-205.25322308635148,1917,1711.7467769136485
2024-01-01T10:37:16.476Z,-243.11708091564108,1955,1711.882919084359
2024-01-01T10:37:19.480Z,-261.4528728168812,1970,1708.5471271831188
2024-01-01T10:37:22.487Z,-283.77237402626986,1993,1709.22762597373
2024-01-01T10:37:25.493Z,-294.71566306325457,2002,1707.2843369367454
2024-01-01T10:37:28.498Z,-392.8257896027264,2115,1722.1742103972736
2024-01-01T10:37:31.501Z,-579.6684613382663,2317,1737.3315386617337
2024-01-01T10:37:34.507Z,-779.4570369475734,2519,1739.5429630524266
2024-01-01T10:37:37.510Z,-846.1862838097337,2563,1716.8137161902664
2024-01-01T10:37:40.519Z,-760.2625295005976,2451,1690.7374704994024
2024-01-01T10:37:43.526Z,-610.2160061282502,2290,1679.7839938717498
2024-01-01T10:37:46.534Z,-572.9506780046597,2272,1699.0493219953403
2024-01-01T10:37:49.535Z,-592.2826969256083,2301,1708.7173030743916
2024-01-01T10:37:52.543Z,-507.98479991713083,2199,1691.0152000828691
2024-01-01T10:37:55.546Z,-359.02958789435786,2039,1679.970412105642
2024-01-01T10:37:58.549Z,-198.07869484467534,1876,1677.9213051553247
2024-01-01T10:38:01.556Z,-67.83353023715878,1751,1683.1664697628412
2024-01-01T10:38:04.559Z,-39.43589518668941,1740,1700.5641048133107
2024-01-01T10:38:07.563Z,-74.58142651715238,1786,1711.4185734828477
2024-01-01T10:38:10.065Z,-126.68469857710969,1841,1714.3153014228903
2024-01-01T10:38:13.070Z,-165.88823627385352,1878,1712.1117637261464
2024-01-01T10:38:16.082Z,-143.42259045362522,1845,1701.5774095463748
2024-01-01T10:38:18.088Z,-103.4185123527865,1802,1698.5814876472134
2024-01-01T10:38:22.595Z,-31.816144614654362,1725,1693.1838553853456
2024-01-01T10:38:25.601Z,-13.682582253546702,1716,1702.3174177464532
2024-01-01T10:38:28.605Z,-41.784601945161015,1752,1710.215398054839
2024-01-01T10:38:30.610Z,-74.92409821506946,1786,1711.0759017849305
2024-01-01T10:38:34.615Z,-133.56750943405515,1849,1715.4324905659448
2024-01-01T10:38:37.621Z,-129.31193832957106,1834,1704.6880616704289
2024-01-01T10:38:40.623Z,-98.79749005420322,1799,1700.2025099457967
2024-01-01T10:38:42.128Z,-79.82575862360672,1782,1702.1742413763932
2024-01-01T10:38:46.645Z,-103.53498126478385,1813,1709.465018735216
2024-01-01T10:38:49.649Z,-175.32226752985483,1893,1717.6777324701452
2024-01-01T10:38:52.654Z,-264.3732723391707,1985,1720.6267276608294
2024-01-01T10:38:54.657Z,-291.0312703043347,2001,1709.9687296956654
2024-01-01T10:38:58.665Z,-327.3764945086601,2039,1711.62350549134
2024-01-01T10:39:01.672Z,-389.0499210287647,2105,1715.9500789712354
2024-01-01T10:39:04.679Z,-550.0781026851364,2283,1732.9218973148636
2024-01-01T10:39:06.681Z,-649.5868727634115,2372,1722.4131272365885
2024-01-01T10:39:10.187Z,-814.4269527186885,2548,1733.5730472813116
2024-01-01T10:39:13.194Z,-893.1393221073881,2612,1718.8606778926119
2024-01-01T10:39:16.205Z,-915.7266275942737,2625,1709.2733724057261
2024-01-01T10:39:18.708Z,-887.4202983012898,2588,1700.5797016987103
2024-01-01T10:39:22.718Z,-713.3241692310672,2389,1675.6758307689329
2024-01-01T10:39:25.733Z,-601.6595877249624,2288,1686.3404122750376
2024-01-01T10:39:28.737Z,-593.0548625399172,2297,1703.9451374600828
2024-01-01T10:39:30.239Z,-612.2978972444496,2321,1708.7021027555504
2024-01-01T10:39:34.748Z,-475.03269570628174,2157,1681.9673042937184
2024-01-01T10:39:37.753Z,-245.75099096834953,1912,1666.2490090316505
2024-01-01T10:39:40.759Z,-9.022973104739918,1674,1664.97702689526
2024-01-01T10:39:43.763Z,94.69743850139473,1593,1687.6974385013948
2024-01-01T10:39:46.767Z,132.03669373699498,1567,1699.036693736995
2024-01-01T10:39:49.771Z,140.90082552256897,1563,1703.900825522569
2024-01-01T10:39:52.774Z,127.67435149474323,1580,1707.6743514947432
2024-01-01T10:39:55.781Z,61.6869874719075,1655,1716.6869874719075
2024-01-01T10:39:58.784Z,-47.870369242603644,1772,1724.1296307573964
2024-01-01T10:40:01.788Z,-144.14015699760307,1866,1721.859843002397
2024-01-01T10:40:04.800Z,-221.38927524309435,1940,1718.6107247569057
2024-01-01T10:40:07.809Z,-265.11564442154514,1978,1712.884355578455
2024-01-01T10:40:10.814Z,-290.28547896521457,2000,1709.7145210347853
2024-01-01T10:40:13.572Z,-301.64462603120387,2009,1707.3553739687961
2024-01-01T10:40:16.583Z,-299.03139342196397,2004,1704.968606578036
2024-01-01T10:40:19.591Z,-414.80799533250075,2140,1725.1920046674993
2024-01-01T10:40:22.617Z,-689.6383677129459,2442,1752.3616322870541
2024-01-01T10:40:25.616Z,-1004.7564117905182,2764,1759.243588209482
2024-01-01T10:40:28.618Z,-1224.9683159356168,2968,1743.0316840643832
2024-01-01T10:40:31.119Z,-1163.999685437584,2859,1695.000314562416
2024-01-01T10:40:34.125Z,-979.1594770800366,2653,1673.8405229199634
2024-01-01T10:40:37.128Z,-824.9304611514688,2504,1679.0695388485312
2024-01-01T10:40:40.135Z,-664.0642324477958,2342,1677.9357675522042
2024-01-01T10:40:43.643Z,-508.20836121440016,2187,1678.7916387855998
2024-01-01T10:40:46.648Z,-371.8737345417974,2054,1682.1262654582026
2024-01-01T10:40:49.653Z,-225.575689573228,1906,1680.424310426772
2024-01-01T10:40:52.657Z,-111.13397814958289,1797,1685.8660218504172
2024-01-01T10:40:55.667Z,-5.610552983884858,1693,1687.3894470161151
2024-01-01T10:40:58.676Z,37.97047214862863,1660,1697.9704721486287
2024-01-01T10:41:01.682Z,35.78783836178858,1670,1705.7878383617885
2024-01-01T10:41:04.686Z,0.45121576765454563,1711,1711.4512157676545
2024-01-01T10:41:07.691Z,-57.65864989568703,1773,1715.341350104313
2024-01-01T10:41:10.697Z,-163.50438918992756,1887,1723.4956108100723
2024-01-01T10:41:13.703Z,-272.04418875502137,1996,1723.9558112449786
2024-01-01T10:41:16.710Z,-350.2293756314489,2069,1718.7706243685511
2024-01-01T10:41:19.714Z,-275.37214207390247,1968,1692.6278579260975
2024-01-01T10:41:22.220Z,-190.99784978839546,1882,1691.0021502116047
2024-01-01T10:41:25.728Z,-81.32018229240154,1768,1686.6798177075984
2024-01-01T10:41:28.736Z,3.863833007809305,1687,1690.8638330078093
2024-01-01T10:41:31.742Z,64.97582542329889,1630,1694.9758254232988
2024-01-01T10:41:34.745Z,92.68218821277605,1608,1700.682188212776
2024-01-01T10:41:37.749Z,109.53602155987895,1593,1702.536021559879
2024-01-01T10:41:40.755Z,125.66059416637171,1577,1702.6605941663718
2024-01-01T10:41:43.760Z,143.38697299721753,1559,1702.3869729972175
2024-01-01T10:41:46.766Z,155.36833844289768,1548,1703.3683384428978
2024-01-01T10:41:49.272Z,164.80331379931354,1539,1703.8033137993136
2024-01-01T10:41:52.776Z,174.72087781479414,1529,1703.7208778147942
2024-01-01T10:41:55.779Z,185.56295253299217,1518,1703.562952532992
2024-01-01T10:41:58.782Z,195.68580957864813,1508,1703.685809578648
2024-01-01T10:42:01.786Z,207.41193811254107,1496,1703.411938112541
2024-01-01T10:42:04.039Z,214.24736900663763,1490,1704.2473690066377
2024-01-01T10:42:07.293Z,210.97413510267404,1495,1705.9741351026742
2024-01-01T10:42:10.298Z,187.43582362333942,1522,1709.4358236233395
2024-01-01T10:42:13.302Z,125.06859458947378,1591,1716.0685945894738
2024-01-01T10:42:16.307Z,44.224773338003686,1675,1719.2247733380036
2024-01-01T10:42:19.313Z,-18.816299198428837,1735,1716.1837008015711
2024-01-01T10:42:22.317Z,-31.430275592004094,1739,1707.5697244079959
2024-01-01T10:42:25.321Z,-26.43781421560214,1731,1704.5621857843978
2024-01-01T10:42:28.829Z,-71.83093009469367,1785,1713.1690699053063
2024-01-01T10:42:31.332Z,-162.15568913972243,1883,1720.8443108602776
2024-01-01T10:42:34.337Z,-260.7440905083316,1983,1722.2559094916683
2024-01-01T10:42:37.840Z,-297.3345955410904,2009,1711.6654044589095
2024-01-01T10:42:40.346Z,-230.92851311432742,1925,1694.0714868856726
2024-01-01T10:42:43.350Z,-224.65640412420007,1929,1704.3435958758
2024-01-01T10:42:46.360Z,-262.1759042363086,1974,1711.8240957636913
2024-01-01T10:42:49.375Z,-287.29427075370273,1997,1709.7057292462973
2024-01-01T10:42:52.882Z,-226.90134357088394,1922,1695.098656429116
2024-01-01T10:42:55.888Z,-76.30920784503706,1756,1679.690792154963
2024-01-01T10:42:58.893Z,4.594924326852862,1687,1691.5949243268528
2024-01-01T10:43:01.401Z,29.210207626752503,1672,1701.2102076267524
2024-01-01T10:43:04.406Z,49.029466419158844,1653,1702.0294664191588
2024-01-01T10:43:07.418Z,57.899771071107374,1646,1703.8997710711074
2024-01-01T10:43:10.429Z,61.75623697734199,1643,1704.756236977342
2024-01-01T10:43:13.940Z,63.17298973653644,1642,1705.1729897365365
2024-01-01T10:43:16.953Z,73.62891477340945,1630,1703.6289147734094
2024-01-01T10:43:19.952Z,104.1938805298192,1596,1700.1938805298191
2024-01-01T10:43:21.456Z,124.88118629406911,1577,1701.881186294069
2024-01-01T10:43:25.960Z,149.25197268490686,1552,1701.2519726849068
2024-01-01T10:43:28.964Z,175.8683755890205,1525,1700.8683755890206
2024-01-01T10:43:31.968Z,191.70908396573245,1511,1702.7090839657324
2024-01-01T10:43:33.469Z,196.58251806985592,1508,1704.582518069856
2024-01-01T10:43:37.979Z,205.8345621857561,1498,1703.834562185756
2024-01-01T10:43:40.987Z,208.03851919668682,1497,1705.0385191966868
2024-01-01T10:43:43.992Z,200.67315449480466,1506,1706.6731544948047
2024-01-01T10:43:45.994Z,190.20344063819957,1517,1707.2034406381995
2024-01-01T10:43:49.498Z,127.18058840261516,1589,1716.180588402615
2024-01-01T10:43:52.502Z,14.639340263894866,1710,1724.6393402638948
2024-01-01T10:43:55.506Z,-111.10525823531037,1838,1726.8947417646896
2024-01-01T10:43:58.008Z,-179.84316391979866,1897,1717.1568360802014
2024-01-01T10:44:01.513Z,-259.0541484695046,1978,1718.9458515304955
2024-01-01T10:44:04.267Z,-275.7354871642314,1984,1708.2645128357685
2024-01-01T10:44:07.521Z,-339.6646032500924,2056,1716.3353967499077
2024-01-01T10:44:09.523Z,-451.48397153637734,2176,1724.5160284636227
2024-01-01T10:44:13.529Z,-626.66116322699,2362,1735.33883677301
2024-01-01T10:44:16.532Z,-770.0852423950089,2500,1729.914757604991
2024-01-01T10:44:19.538Z,-841.4025495468039,2559,1717.597450453196
2024-01-01T10:44:22.040Z,-861.2027260613646,2570,1708.7972739386355
2024-01-01T10:44:25.544Z,-859.8210230514998,2565,1705.1789769485003
2024-01-01T10:44:28.308Z,-738.3369560916784,2423,1684.6630439083215
2024-01-01T10:44:31.561Z,-506.23307606157795,2172,1665.766923938422
2024-01-01T10:44:33.570Z,-316.9230184819246,1990,1673.0769815180754
2024-01-01T10:44:37.575Z,-98.83831483821453,1767,1668.1616851617855
2024-01-01T10:44:40.609Z,-2.9625379168506356,1692,1689.0374620831494
2024-01-01T10:44:43.591Z,40.91911823899918,1657,1697.919118238999
2024-01-01T10:44:46.597Z,-11.611670081383139,1726,1714.3883299186168
2024-01-01T10:44:49.600Z,-196.92901778861534,1934,1737.0709822113847
2024-01-01T10:44:52.353Z,-506.6742052675697,2265,1758.3257947324303
2024-01-01T10:44:56.109Z,-750.0170752542988,2497,1746.9829247457012
2024-01-01T10:44:59.113Z,-705.2347366850508,2403,1697.7652633149492
2024-01-01T10:45:02.120Z,-367.58500000000004,2073,1705.415
2024-01-01T10:45:05.128Z,-141.63905405405404,1809,1667.360945945946
2024-01-01T10:45:08.135Z,118.9195992115637,1542,1660.9195992115638
2024-01-01T10:45:11.140Z,243.18762269938648,1441,1684.1876226993866
2024-01-01T10:45:14.144Z,249.3605399848955,1455,1704.3605399848955
2024-01-01T10:45:17.151Z,193.03632459465962,1522,1715.0363245946596
2024-01-01T10:45:19.656Z,156.63336745386817,1555,1711.6333674538682
2024-01-01T10:45:22.659Z,134.24020825965832,1575,1709.2402082596584
2024-01-01T10:45:25.666Z,157.4502513175099,1544,1701.4502513175098
2024-01-01T10:45:28.673Z,237.70572792538212,1454,1691.7057279253822
2024-01-01T10:45:32.186Z,298.0986562363971,1397,1695.0986562363971
2024-01-01T10:45:35.193Z,313.74268145939544,1389,1702.7426814593955
2024-01-01T10:45:38.202Z,305.77589038437503,1401,1706.775890384375
2024-01-01T10:45:41.209Z,273.0117784799917,1438,1711.0117784799918
2024-01-01T10:45:44.211Z,177.6967505531003,1544,1721.6967505531002
2024-01-01T10:45:47.219Z,12.614427365516235,1721,1733.6144273655163
2024-01-01T10:45:50.226Z,-155.81399129068308,1890,1734.1860087093169
2024-01-01T10:45:53.230Z,-179.5332644340478,1889,1709.4667355659521
2024-01-01T10:45:55.740Z,-130.89363980642062,1828,1697.1063601935793
2024-01-01T10:45:58.502Z,8.588590557804707,1673,1681.5885905578048
2024-01-01T10:46:01.518Z,81.03899365228449,1612,1693.0389936522845
2024-01-01T10:46:04.530Z,113.81601613067866,1586,1699.8160161306787
2024-01-01T10:46:07.540Z,101.51607993747257,1606,1707.5160799374726
2024-01-01T10:46:10.546Z,26.268774334156575,1692,1718.2687743341567
2024-01-01T10:46:13.547Z,-44.496797235854245,1762,1717.5032027641457
2024-01-01T10:46:16.550Z,-129.1282260488586,1849,1719.8717739511414
2024-01-01T10:46:19.554Z,-174.78576178989343,1888,1713.2142382101065
2024-01-01T10:46:22.556Z,-157.53225142540398,1860,1702.467748574596
2024-01-01T10:46:25.559Z,-63.62608779921804,1753,1689.373912200782
2024-01-01T10:46:28.563Z,26.94381379334949,1663,1689.9438137933496
2024-01-01T10:46:31.567Z,112.75645148388784,1578,1690.7564514838878
2024-01-01T10:46:34.581Z,86.84175811262979,1623,1709.8417581126298
2024-01-01T10:46:37.587Z,53.16728648578195,1658,1711.167286485782
2024-01-01T10:46:40.593Z,55.94116498409123,1649,1704.9411649840913
2024-01-01T10:46:44.097Z,80.260723457848,1621,1701.260723457848
2024-01-01T10:46:47.103Z,135.90911916207568,1560,1695.9091191620757
2024-01-01T10:46:50.110Z,202.10704438166056,1492,1694.1070443816607
2024-01-01T10:46:53.115Z,276.67694094452446,1416,1692.6769409445244
2024-01-01T10:46:56.127Z,328.5534366099956,1368,1696.5534366099955
2024-01-01T10:46:59.133Z,361.7451743129351,1338,1699.745174312935
2024-01-01T10:47:02.140Z,385.37802683804324,1316,1701.3780268380433
2024-01-01T10:47:05.146Z,402.49164501336264,1300,1702.4916450133626
2024-01-01T10:47:07.653Z,415.2377118504916,1288,1703.2377118504917
2024-01-01T10:47:10.656Z,430.7629694000738,1272,1702.7629694000739
2024-01-01T10:47:13.660Z,444.98550147752064,1258,1702.9855014775208
2024-01-01T10:47:16.665Z,454.7474586388181,1249,1703.747458638818
2024-01-01T10:47:19.673Z,461.2963207917043,1243,1704.2963207917044
2024-01-01T10:47:22.680Z,463.10588886936193,1242,1705.105888869362
2024-01-01T10:47:25.681Z,453.12067769883333,1254,1707.1206776988333
2024-01-01T10:47:28.686Z,399.56363508124076,1315,1714.5636350812408
2024-01-01T10:47:31.687Z,336.23314006362267,1380,1716.2331400636226
2024-01-01T10:47:34.691Z,260.3733919966426,1458,1718.3733919966426
2024-01-01T10:47:37.700Z,164.74950925415718,1557,1721.7495092541571
2024-01-01T10:47:40.706Z,102.11436070622581,1614,1716.1143607062259
2024-01-01T10:47:43.711Z,109.2039530481677,1595,1704.2039530481677
2024-01-01T10:47:46.717Z,217.8551583784086,1469,1686.8551583784085
2024-01-01T10:47:49.718Z,355.8437367743974,1326,1681.8437367743975
2024-01-01T10:47:52.722Z,452.84517600484503,1236,1688.8451760048451
2024-01-01T10:47:55.730Z,482.3713306520124,1218,1700.3713306520124
2024-01-01T10:47:58.732Z,489.2414444579909,1215,1704.2414444579908
2024-01-01T10:48:01.735Z,486.8273726889253,1219,1705.8273726889254
2024-01-01T10:48:04.742Z,479.64234863448905,1227,1706.642348634489
2024-01-01T10:48:06.242Z,472.61535398875026,1234,1706.6153539887503
2024-01-01T10:48:11.258Z,447.6752742317718,1262,1709.6752742317717
2024-01-01T10:48:14.263Z,416.7053027136627,1294,1710.7053027136626
2024-01-01T10:48:17.277Z,375.46046021513087,1337,1712.4604602151308
2024-01-01T10:48:19.786Z,321.6132086822713,1393,1714.6132086822713
2024-01-01T10:48:22.794Z,253.96986292329052,1463,1716.9698629232905
2024-01-01T10:48:25.798Z,258.62056520700713,1446,1704.620565207007
2024-01-01T10:48:28.804Z,304.56649773699274,1393,1697.5664977369927
2024-01-01T10:48:32.310Z,306.1453071544442,1399,1705.1453071544443
2024-01-01T10:48:35.315Z,279.04438942412696,1431,1710.044389424127
2024-01-01T10:48:38.320Z,284.48554044319116,1420,1704.4855404431912
2024-01-01T10:48:41.324Z,333.10910378819347,1364,1697.1091037881934
2024-01-01T10:48:44.330Z,386.3246922516462,1310,1696.3246922516462
2024-01-01T10:48:47.335Z,421.4200048933198,1278,1699.4200048933199
2024-01-01T10:48:50.341Z,449.60109509033407,1251,1700.6010950903342
2024-01-01T10:48:51.844Z,457.12906860401745,1247,1704.1290686040174
2024-01-01T10:48:55.847Z,465.0602008677858,1239,1704.0602008677859
2024-01-01T10:48:58.851Z,474.7583571329801,1229,1703.75835713298
2024-01-01T10:49:01.854Z,483.86021675932244,1220,1703.8602167593224
2024-01-01T10:49:03.856Z,489.4586700135256,1215,1704.4586700135255
2024-01-01T10:49:07.865Z,483.4426576053594,1223,1706.4426576053593
2024-01-01T10:49:10.872Z,440.71393687775594,1272,1712.713936877756
2024-01-01T10:49:13.879Z,368.7140491377065,1349,1717.7140491377065
2024-01-01T10:49:15.886Z,266.82049669747363,1456,1722.8204966974736
2024-01-01T10:49:19.891Z,27.325610620941944,1719,1746.325610620942
2024-01-01T10:49:22.897Z,-204.05967458830727,1949,1744.9403254116928
2024-01-01T10:49:25.902Z,-347.1433844190523,2077,1729.8566155809476
2024-01-01T10:49:28.405Z,-426.09795005003724,2145,1718.9020499499627
2024-01-01T10:49:31.913Z,-417.11881874121576,2121,1703.8811812587842
2024-01-01T10:49:34.920Z,-195.45047384605417,1863,1667.5495261539459
2024-01-01T10:49:37.928Z,113.61953888373446,1539,1652.6195388837345
2024-01-01T10:49:39.936Z,294.5144586658954,1380,1674.5144586658953
2024-01-01T10:49:43.967Z,462.6875981749814,1214,1676.6875981749813
2024-01-01T10:49:46.983Z,509.4303796814663,1188,1697.4303796814663
2024-01-01T10:49:49.988Z,531.6238949877774,1170,1701.6238949877775
2024-01-01T10:49:52.492Z,545.111108827972,1158,1703.111108827972
2024-01-01T10:49:56.008Z,553.9116825380238,1150,1703.9116825380238
2024-01-01T10:49:59.012Z,552.6333630394461,1153,1705.633363039446
2024-01-01T10:50:02.020Z,531.9484115481065,1177,1708.9484115481064
2024-01-01T10:50:04.523Z,504.16156077605854,1206,1710.1615607760586
2024-01-01T10:50:08.032Z,471.9221489980637,1239,1710.9221489980637
2024-01-01T10:50:11.039Z,481.7382156366321,1222,1703.738215636632
2024-01-01T10:50:14.047Z,504.52290961460346,1197,1701.5229096146036
2024-01-01T10:50:16.049Z,522.3668850918367,1180,1702.3668850918366
2024-01-01T10:50:20.054Z,552.3015489482439,1148,1700.3015489482439
2024-01-01T10:50:22.806Z,566.0640791746168,1137,1703.0640791746168
2024-01-01T10:50:26.062Z,582.5917387003185,1120,1702.5917387003185
2024-01-01T10:50:29.066Z,591.8359074576106,1112,1703.8359074576106
2024-01-01T10:50:31.824Z,597.455123334204,1107,1704.455123334204
2024-01-01T10:50:34.831Z,603.3995676793156,1101,1704.3995676793156
2024-01-01T10:50:37.838Z,610.2455641847534,1094,1704.2455641847534
2024-01-01T10:50:40.845Z,613.8066875127073,1091,1704.8066875127074
2024-01-01T10:50:43.852Z,616.0344523366975,1089,1705.0344523366975
2024-01-01T10:50:46.857Z,617.2135808104256,1088,1705.2135808104256
2024-01-01T10:50:49.865Z,613.1151035050331,1093,1706.115103505033
2024-01-01T10:50:52.872Z,608.2466338935576,1098,1706.2466338935576
2024-01-01T10:50:55.878Z,601.5576199861224,1105,1706.5576199861225
2024-01-01T10:50:58.900Z,595.457094211801,1111,1706.457094211801
2024-01-01T10:51:01.910Z,590.2965296652359,1116,1706.296529665236
2024-01-01T10:51:04.925Z,590.3977154111002,1115,1705.3977154111003
2024-01-01T10:51:07.942Z,594.6829880437137,1110,1704.6829880437137
2024-01-01T10:51:10.953Z,596.1623028611458,1109,1705.1623028611457
2024-01-01T10:51:13.958Z,596.3781319843068,1109,1705.378131984307
2024-01-01T10:51:16.963Z,598.1178249615015,1107,1705.1178249615014
2024-01-01T10:51:19.971Z,598.3716427462034,1107,1705.3716427462034
2024-01-01T10:51:22.977Z,598.4086742619222,1107,1705.4086742619222
2024-01-01T10:51:25.982Z,598.4140770872524,1107,1705.4140770872523
2024-01-01T10:51:28.991Z,591.5820496188473,1115,1706.5820496188473
2024-01-01T10:51:31.999Z,574.3573328859349,1134,1708.3573328859347
2024-01-01T10:51:35.009Z,541.9507117639578,1169,1710.9507117639578
2024-01-01T10:51:38.013Z,502.2044688455328,1210,1712.2044688455328
2024-01-01T10:51:41.020Z,487.8645504922754,1220,1707.8645504922754
2024-01-01T10:51:44.024Z,487.48058853289444,1218,1705.4805885328944
2024-01-01T10:51:47.040Z,500.2360987317311,1203,1703.236098731731
2024-01-01T10:51:50.051Z,512.3463261842197,1191,1703.3463261842198
2024-01-01T10:51:53.064Z,506.4262668615597,1200,1706.4262668615597
2024-01-01T10:51:56.069Z,495.3133182517022,1212,1707.3133182517022
2024-01-01T10:51:59.072Z,504.79528646160156,1199,1703.7952864616016
2024-01-01T10:52:01.576Z,517.2820125407547,1186,1703.2820125407547
2024-01-01T10:52:05.081Z,541.3104524461738,1160,1701.3104524461737
2024-01-01T10:52:08.086Z,550.7948683462099,1153,1703.79486834621
2024-01-01T10:52:10.089Z,548.7622181122966,1157,1705.7622181122965
2024-01-01T10:52:14.096Z,537.3623328786207,1170,1707.3623328786207
2024-01-01T10:52:17.111Z,522.8875825443027,1185,1707.8875825443029
2024-01-01T10:52:20.119Z,488.3198702140111,1223,1711.3198702140112
2024-01-01T10:52:21.376Z,473.0272853587788,1235,1708.0272853587787
2024-01-01T10:52:26.134Z,411.8630916262123,1304,1715.8630916262123
2024-01-01T10:52:29.138Z,363.65066557722196,1350,1713.6506655772218
2024-01-01T10:52:32.142Z,330.9935084268513,1380,1710.9935084268513
2024-01-01T10:52:34.145Z,292.06481476074975,1420,1712.0648147607499
2024-01-01T10:52:38.156Z,201.8291002396784,1519,1720.8291002396784
2024-01-01T10:52:41.160Z,79.33883523703969,1647,1726.3388352370398
2024-01-01T10:52:44.165Z,-75.1885681803499,1807,1731.8114318196501
2024-01-01T10:52:46.167Z,-220.7244956394434,1951,1730.2755043605566
2024-01-01T10:52:50.177Z,-496.4802872381597,2249,1752.5197127618403
2024-01-01T10:52:53.184Z,-684.4721551888696,2422,1737.5278448111303
2024-01-01T10:52:56.190Z,-829.7658704263836,2560,1730.2341295736164
2024-01-01T10:52:57.693Z,-897.0854439732981,2614,1716.914556026702
2024-01-01T10:53:02.200Z,-995.7338418766699,2718,1722.2661581233301
2024-01-01T10:53:05.203Z,-937.5277820321674,2633,1695.4722179678326
2024-01-01T10:53:08.207Z,-771.0267685923095,2448,1676.9732314076905
2024-01-01T10:53:11.214Z,-550.291145876572,2218,1667.708854123428
2024-01-01T10:53:14.220Z,-286.62461969002993,1947,1660.37538030997
2024-01-01T10:53:17.227Z,-50.85863774996025,1716,1665.1413622500397
2024-01-01T10:53:20.232Z,84.32318745777107,1598,1682.3231874577712
2024-01-01T10:53:23.234Z,186.89384068057728,1501,1687.8938406805773
2024-01-01T10:53:26.239Z,252.25071331500158,1442,1694.2507133150016
2024-01-01T10:53:29.242Z,337.8012275206558,1353,1690.8012275206559
2024-01-01T10:53:32.246Z,448.5046054483029,1238,1686.504605448303
2024-01-01T10:53:35.249Z,516.7562305586955,1177,1693.7562305586955
2024-01-01T10:53:38.253Z,504.50735734007355,1203,1707.5073573400737
2024-01-01T10:53:41.259Z,482.2218236318273,1227,1709.2218236318272
2024-01-01T10:53:44.261Z,465.30477662272284,1243,1708.3047766227228
2024-01-01T10:53:47.266Z,491.87607957972216,1209,1700.876079579722
2024-01-01T10:53:50.268Z,511.1266158278266,1191,1702.1266158278265
2024-01-01T10:53:53.281Z,493.4367840250718,1215,1708.4367840250718
2024-01-01T10:53:56.287Z,426.7982248789497,1290,1716.7982248789497
2024-01-01T10:53:59.295Z,356.43455052384877,1361,1717.4345505238489
2024-01-01T10:54:02.299Z,295.7766127792607,1420,1715.7766127792606
2024-01-01T10:54:05.303Z,309.133390053468,1394,1703.133390053468
2024-01-01T10:54:08.307Z,359.7659296712478,1337,1696.7659296712477
2024-01-01T10:54:11.312Z,388.50566680150894,1312,1700.505666801509
2024-01-01T10:54:14.316Z,336.3280081668358,1378,1714.3280081668358
2024-01-01T10:54:17.322Z,269.78235469511355,1447,1716.7823546951136
2024-01-01T10:54:20.326Z,253.24065896896198,1455,1708.240658968962
2024-01-01T10:54:22.333Z,273.03390921011226,1429,1702.0339092101121
2024-01-01T10:54:26.088Z,378.4139414517862,1309,1687.4139414517863
2024-01-01T10:54:29.092Z,415.9953320748831,1283,1698.9953320748832
2024-01-01T10:54:32.095Z,402.6881398149024,1305,1707.6881398149023
2024-01-01T10:54:35.099Z,354.6251404519508,1359,1713.6251404519508
2024-01-01T10:54:38.061Z,340.78002761875604,1367,1707.780027618756
2024-01-01T10:54:40.867Z,341.32235877809075,1364,1705.3223587780908
2024-01-01T10:54:43.123Z,349.08840152412637,1355,1704.0884015241263
2024-01-01T10:54:47.136Z,319.4737811058052,1391,1710.4737811058053
2024-01-01T10:54:50.143Z,258.782336444031,1457,1715.782336444031
2024-01-01T10:54:53.147Z,116.68766726746128,1613,1729.6876672674612
2024-01-01T10:54:55.151Z,-58.63612146299471,1794,1735.3638785370053
2024-01-01T10:54:59.166Z,-454.895770860787,2228,1773.104229139213
2024-01-01T10:55:02.168Z,-725.3806641586857,2477,1751.6193358413143
2024-01-01T10:55:05.175Z,-821.2146080224923,2543,1721.7853919775077
2024-01-01T10:55:08.179Z,-855.6950391887522,2567,1711.3049608112478
2024-01-01T10:55:11.183Z,-758.2334303488104,2447,1688.7665696511895
2024-01-01T10:55:14.187Z,-568.0689682054856,2241,1672.9310317945144
2024-01-01T10:55:16.189Z,-390.8565029958933,2066,1675.1434970041066
2024-01-01T10:55:20.198Z,-80.58559800462268,1733,1652.4144019953774
2024-01-01T10:55:23.207Z,140.62732201096966,1527,1667.6273220109697
2024-01-01T10:55:26.219Z,369.3453043188378,1297,1666.3453043188379
2024-01-01T10:55:28.224Z,531.6842051245976,1146,1677.6842051245976
2024-01-01T10:55:32.236Z,602.3447396970781,1091,1693.3447396970782
2024-01-01T10:55:35.238Z,608.3834629237008,1096,1704.3834629237008
2024-01-01T10:55:38.248Z,599.0152771738311,1108,1707.0152771738312
2024-01-01T10:55:41.253Z,566.0467045418791,1145,1711.046704541879
2024-01-01T10:55:44.259Z,516.8233523743393,1197,1713.8233523743393
2024-01-01T10:55:47.267Z,446.4382165760192,1271,1717.4382165760192
2024-01-01T10:55:49.770Z,402.00508500780796,1311,1713.005085007808
2024-01-01T10:55:53.277Z,392.9600725798878,1314,1706.9600725798878
2024-01-01T10:55:56.031Z,418.11758400514736,1283,1701.1175840051474
2024-01-01T10:55:59.288Z,459.36850197112994,1239,1698.36850197113
2024-01-01T10:56:02.294Z,414.1408118177813,1299,1713.1408118177812
2024-01-01T10:56:05.297Z,235.8676855371526,1500,1735.8676855371525
2024-01-01T10:56:08.301Z,-47.226704898867894,1801,1753.7732951011321
2024-01-01T10:56:11.305Z,-332.80278217663715,2087,1754.1972178233627
2024-01-01T10:56:14.307Z,-426.56799027882255,2148,1721.4320097211776
2024-01-01T10:56:17.312Z,-313.84105877016725,2000,1686.1589412298326
2024-01-01T10:56:20.319Z,-1.8751407899570722,1654,1652.1248592100428
2024-01-01T10:56:23.070Z,170.04716424542107,1506,1676.047164245421
2024-01-01T10:56:26.325Z,231.00257309039145,1464,1695.0025730903915
2024-01-01T10:56:29.329Z,245.874561151067,1457,1702.874561151067
2024-01-01T10:56:32.333Z,184.84080946460108,1531,1715.840809464601
2024-01-01T10:56:35.336Z,70.88156325242949,1654,1724.8815632524295
2024-01-01T10:56:38.341Z,-35.425573153811314,1759,1723.5744268461888
2024-01-01T10:56:41.094Z,-75.70453235034927,1788,1712.2954676496506
2024-01-01T10:56:44.097Z,-3.8578743699120395,1697,1693.142125630088
2024-01-01T10:56:45.851Z,21.998247153459484,1679,1700.9982471534595
2024-01-01T10:56:50.111Z,77.87082438535936,1618,1695.8708243853594
2024-01-01T10:56:53.115Z,109.08327663279768,1591,1700.0832766327976
2024-01-01T10:56:56.122Z,29.935119351755446,1689,1718.9351193517555
2024-01-01T10:56:59.129Z,-9.797806056748911,1722,1712.2021939432511
2024-01-01T10:57:01.630Z,16.007011002240684,1685,1701.0070110022407
2024-01-01T10:57:04.636Z,92.37055020365705,1600,1692.370550203657
2024-01-01T10:57:07.641Z,167.5694878920852,1525,1692.5694878920851
2024-01-01T10:57:10.646Z,246.01492037466443,1446,1692.0149203746644
2024-01-01T10:57:14.158Z,383.8670457355191,1298,1681.8670457355192
2024-01-01T10:57:17.162Z,509.033941622681,1175,1684.0339416226811
2024-01-01T10:57:20.165Z,575.9793576994805,1118,1693.9793576994805
2024-01-01T10:57:23.170Z,625.8893546874174,1071,1696.8893546874174
2024-01-01T10:57:25.926Z,649.3990624711856,1052,1701.3990624711855
2024-01-01T10:57:29.186Z,659.6618983408794,1044,1703.6618983408794
2024-01-01T10:57:32.199Z,646.6394924887252,1061,1707.6394924887252
2024-01-01T10:57:35.216Z,642.1772431814483,1064,1706.1772431814484
2024-01-01T10:57:38.227Z,656.0459432076575,1047,1703.0459432076575
2024-01-01T10:57:41.242Z,651.2365435421569,1055,1706.236543542157
2024-01-01T10:57:44.257Z,651.3889635536906,1054,1705.3889635536907
2024-01-01T10:57:47.263Z,649.7029974011782,1056,1705.7029974011782
2024-01-01T10:57:50.028Z,640.9159985920602,1066,1706.91599859206
2024-01-01T10:57:53.272Z,599.4912003295084,1113,1712.4912003295085
2024-01-01T10:57:56.275Z,578.9276702882539,1130,1708.927670288254
2024-01-01T10:57:59.279Z,604.9669585407587,1096,1700.9669585407587
2024-01-01T10:58:02.289Z,654.0334437082901,1043,1697.0334437082902
2024-01-01T10:58:05.302Z,707.3136535947549,989,1696.313653594755
2024-01-01T10:58:08.307Z,738.1478845437357,962,1700.1478845437357
2024-01-01T10:58:11.311Z,750.3334559076422,953,1703.3334559076422
2024-01-01T10:58:14.075Z,756.3818166410088,948,1704.3818166410088
2024-01-01T10:58:17.320Z,758.1183625456692,947,1705.1183625456692
2024-01-01T10:58:20.325Z,759.2258231449262,946,1705.2258231449262
2024-01-01T10:58:23.329Z,755.1168896375652,951,1706.1168896375652
2024-01-01T10:58:26.332Z,751.9550984192814,954,1705.9550984192815
2024-01-01T10:58:29.337Z,745.5150855336569,961,1706.515085533657
2024-01-01T10:58:32.341Z,736.0344806538209,971,1707.034480653821
2024-01-01T10:58:35.347Z,735.5053810093387,970,1705.5053810093386
2024-01-01T10:58:37.861Z,728.5953706815534,978,1706.5953706815535
2024-01-01T10:58:41.371Z,656.6967505628113,1061,1717.6967505628113
2024-01-01T10:58:43.876Z,602.647682979392,1112,1714.647682979392
2024-01-01T10:58:47.386Z,553.7651359129484,1160,1713.7651359129484
2024-01-01T10:58:50.389Z,518.4479035250074,1193,1711.4479035250074
2024-01-01T10:58:53.393Z,415.92756460963983,1307,1722.9275646096398
2024-01-01T10:58:56.396Z,196.83967880879717,1546,1742.839678808797
2024-01-01T10:58:59.400Z,-39.25518288173407,1785,1745.744817118266
2024-01-01T10:59:02.153Z,-272.70671711711174,2018,1745.2932828828882
2024-01-01T10:59:05.407Z,-291.39300154555343,2000,1708.6069984544465
2024-01-01T10:59:08.410Z,-58.38715101684929,1724,1665.6128489831508
2024-01-01T10:59:10.914Z,195.11214975377752,1467,1662.1121497537774
2024-01-01T10:59:13.918Z,510.53444029068885,1141,1651.534440290689
2024-01-01T10:59:16.922Z,652.2133525010097,1029,1681.2133525010097
2024-01-01T10:59:19.926Z,696.7988822713702,1001,1697.79888227137
2024-01-01T10:59:23.434Z,739.1761059810688,959,1698.1761059810688
2024-01-01T10:59:26.189Z,750.4834713936091,953,1703.483471393609
2024-01-01T10:59:29.443Z,758.1119075379428,946,1704.111907537943
2024-01-01T10:59:32.449Z,759.2248813719909,946,1705.224881371991
2024-01-01T10:59:35.458Z,756.8249561672451,949,1705.824956167245
2024-01-01T10:59:38.465Z,745.371486237479,962,1707.371486237479
2024-01-01T10:59:41.467Z,731.7430199676121,976,1707.743019967612
2024-01-01T10:59:44.217Z,739.1497751645526,965,1704.1497751645525
2024-01-01T10:59:47.222Z,756.4583435430002,946,1702.4583435430002
2024-01-01T10:59:50.228Z,776.9197709276918,925,1701.9197709276918
2024-01-01T10:59:53.234Z,786.7378686808407,917,1703.7378686808406
2024-01-01T10:59:56.238Z,799.2736353994395,904,1703.2736353994396
2024-01-01T10:59:59.242Z,810.4977007439823,893,1703.4977007439823
